{"id_art": "1c2caeed4b8ac53cc6b524eb3df1a897", "title": "Les inondations menacent l'approvisionnement electrique du Pakistan", "newspaper": "NouvelObservateur", "author": ["L'Obs"], "date_publi": "2010-08-06", "content": "Le manque d'electricite pourrait s'ajouter aux ravages de l'eau au Pakistan. En effet, les inondations menacent une partie de l'approvisionnement electrique. Par mesure de precaution, les autorites ont suspendu certaines operations dans des centrales, ont indique vendredi 6 aout des responsables locaux. \"L'eau des inondations a atteint jeudi soir le mur d'enceinte de la centrale a Kot Addu (1.200 megawatts)\", a declare a l'AFP Mohammad Khalid, directeur general de la compagnie nationale Pakistan Electric Power Co. Deficit energetique \"Actuellement, seulement trois unites sur douze fonctionnent et ne produisent que 300 megawatts d'electricite\", a-t-il dit, ajoutant toutefois que l'eau recule. Mohammad Khalid a precise que dans la province de Khyber Pakhtunkhwa (nord-ouest du Pakistan), trois stations alimentant le reseau electrique avaient ete fermees par les inondations a Dera Ismail Khan, Swat et Shangla. Sohail Tipu, haut fonctionnaire dans la province du Punjab (centre), a confirme que la localite de Kot Addu avait ete coupee du fait des inondations et que le gouvernement deployait le \"maximum d'efforts\" pour aider la population. Le Pakistan souffre d'un serieux deficit energetique et ne produit qu'environ 80% de l'electricite dont il a besoin. (Nouvelobs.com avec AFP) L'Obs ", "theme": "Monde"}