{"id_art": "aa92e31286c87ac0ecc2517901f2804a", "title": "Le Pakistan poursuit sa lutte contre le terrorisme", "newspaper": "NouvelObservateur", "author": ["L'Obs"], "date_publi": "2010-08-20", "content": "Le ministre pakistanais des Affaires etrangeres, Shah Mehmood Qureshi, a affirme jeudi 19 aout que la communaute internationale ne devait pas permettre aux \"terroristes\" de tirer parti des inondations dans son pays, dont il a evalue le cout a plus de 43 milliards de dollars. \"Il faut faire face d'urgence aux enormes bouleversements causes par les inondations et aux pertes economiques subies par des millions de Pakistanais\", a dit Shah Mehmood Qureshi lors d'une reunion speciale de l'Assemblee generale de l'ONU. La guerre contre le terrorisme continue \"Si nous echouons, cela pourrait remettre en question les difficiles progres accomplis par notre gouvernement dans notre guerre contre le terrorisme. Nous ne pouvons pas permettre que cette catastrophe profite aux terroristes\", a-t-il ajoute. Le desastre, qui a tue plus de 1.500 personnes et en affecte au moins 20 millions en tout, \"nous frappe durement a un moment et dans des regions ou nous sommes en pleine guerre contre des extremistes et des terroristes\", a-t-il insiste. \"Nos pertes materielles depassent les 43 milliards de dollars,\" a indique en outre le ministre des affaires etrangeres. (Nouvelobs.com) L'Obs ", "theme": "Monde"}