{"id_art": "9ab69f4917015ed2a7e1c2fb8a39a240", "title": "Top 5 : Du tremblement de terre au Mexique a la bourde de Deschamps", "newspaper": "NouvelObservateur", "author": ["Mathieu  Geniole"], "date_publi": "2012-03-21", "content": "Top 5 : du tremblement de terre au Mexique a... par LeNouvelObservateur La video du jour, c'est une grosse gaffe de Didier Deschamps a quelques jours de la Ligue Des Champions. Si en France on parle surtout des resultats catastrophiques de l'OM (qui a enchaine 7 defaites d'affilees, le record historique du club), en Allemagne on rigole d'une phrase malheureuse de l'entraineur marseillais qui lors d'une conference de presse, a tente d'enumerer les joueurs en forme du Bayern de Munich. Deschamps a alors transforme le nom du joueur Schweinsteiger en un charabia ressemblant en Allemand a une insulte raciste (N***** de m*****). Evidemment la bourde de Deschamps a fait sourire et le plus gros tabloid du pays, Bild, en a fait un article partage plus de 4.000 fois sur Facebook. La video en elle-meme, deja traduite en plusieurs langues, commence a circuler en France : elle atteint pour l'instant pres de 200.000 vues toutes plate-formes confondues. Dans le reste de notre classement, des images qui choquent l'Amerique : la-bas, les controles de securite tres pousses dans les aeroports font polemique depuis longtemps. On a deja vu des femmes enceintes et des personnes agees fouillees comme de veritables terroristes. Cette fois, c'est un enfant de 3 ans assis en fauteuil roulant qui a fait l'objet d'un controle d'une dizaine de minutes. La video a ete mise en ligne le week-end dernier et a ete vue par plus de 150.000 Internautes a l'heure qu'il est. Mathieu Geniole Journaliste ", "theme": "Le Top 5"}