{"id_art": "6bc1509b4fdd9429c60207ea75c56300", "title": "Pluies et inondations : trois departements du Nord en vigilance orange", "newspaper": "NouvelObservateur", "author": ["L'Obs avec AFP"], "date_publi": "2013-10-14", "content": "Trois departements du littoral du nord de la France, le Pas-de-Calais, la Seine-Maritime et la Somme, sont maintenus en vigilance orange aux pluies et aux inondations, a indique Meteo-France lundi 14 octobre a la mi-journee. L'alerte court jusqu'a minuit. Les pluies continues qui s'accumulent necessitent une \"vigilance particuliere\", selon Meteo-France, qui avait place le Pas-de-Calais et la Somme en alerte des dimanche matin, avant d'y adjoindre la Seine-Maritime dans l'apres-midi. Une depression qui vient de l'Angleterre attire de larges bandes pluvieuses sur les departements proches des cotes de la Manche. A Gonneville, en Seine-Maritime, Meteo-France a releve jusqu'a 134 mm de precipitations. Les previsionnistes attendent de 20 a 40 mm de pluies sur ces regions cotieres, voire jusqu'a 50 mm localement. Les pompiers du Pas-de-Calais ont signale une demi-douzaine d'interventions lundi matin, principalement sur la cote, tandis que la situation etait calme dans la Somme. L'Obs avec AFP Journaliste ", "theme": "Societe"}