{"id_art": "ac3d2dc70fcb0461cedc63517dc957d1", "title": "GRANDE-BRETAGNE. Une crise naturelle \"quasi-sans precedent\"", "newspaper": "NouvelObservateur", "author": ["L'Obs"], "date_publi": "2014-02-14", "content": "La Grande-Bretagne est frappee vendredi 14 fevrier par une violente tempete melant vent, pluie et neige, a l'origine d'inondations historiques et de nombreux degats. A tel point que jeudi, David Cameron a demande l'aide financiere de l'Union europeenne. Au pays de Galles, des cables d'alimentation a haute tension arraches par les vents ont provoque un incendie qui s'est propage le long d'une tourbiere dans le village de Borth. (WALES NEWS) Dans le comte de Durham, des milliers d'arbres ont ete deracines, decimant partiellement une foret. Les princes William et Harry ont brievement epaule des militaires occupes a charrier des sacs de sable a Datchet, au centre de l'Angleterre, dans le cadre d'efforts desesperes pour endiguer les inondations qui touchent le pays. L'Agence britannique de l'Environnement a emis 24 avertissements aux inondations graves et mis en garde contre des vagues enormes sur la cote sud de l'Angleterre, ou la tempete, accompagnee de vents soufflant jusqu'a 128 km/h, est associee a une grande maree. (ENVIRONMENT AGENCY) La perturbation en provenance de l'Atlantique menacait de deverser l'equivalent d'un mois de pluie sur de larges portions du pays peinant deja a gerer l'hiver le plus humide depuis 250 ans. Les fortes pluies pourraient conduire a l'evacuation d'un millier d'habitations supplementaires, avait indique l'Agence britannique de l'Environnement au quotidien \"The Daily Telegraph\", avec des precipitations allant jusqu'a 40 mm en six heures. Cette nouvelle tempete arrive seulement deux jours apres que des vents dignes d'un ouragan ont devaste le pays, faisant un mort et privant d'electricite quelque 56.000 foyers. Pour faire face a ces intemperies hors normes, le Premier ministre David Cameron a demande jeudi l'aide financiere de l'UE. \"L'argent que je cherche a obtenir pour les agriculteurs britanniques vient du budget de l'UE\", a precise le Premier ministre, qui s'est engage en janvier 2013 a organiser d'ici 2017 - s'il est reelu - un referendum sur une sortie de son pays de l'Union. \"Mais je pense que la ou les pays etrangers peuvent le plus aider, c'est au niveau de l'expertise. Avoir des specialistes neerlandais pour pomper l'eau et organiser des systemes de protection contre les inondations a ete tres utile\", a encore dit David Cameron. Dans de telles conditions, la Tamise pourrait atteindre ce week-end par endroits son plus haut niveau depuis 60 ans. Au total, depuis debut decembre, 5.800 habitations ont ete inondees au Royaume-Uni. Ces intemperies relevent d'une \"crise naturelle quasiment sans precedent\", a estime Patrick Sanders, le responsable de l'armee charge de diriger les efforts des 2.200 militaires mobilises pour aider les sinistres et construire des digues. Le gouverneur de la Banque d'Angleterre Mark Carney a meme juge que le chaos entraine par ces intemperies risquait d'entraver la reprise economique dans le pays. Avec AFP EB; L'Obs ", "theme": "Societe"}