{"id_art": "48c245ab154737d700350aa101de5229", "title": "Inondations mortelles au Vietnam", "newspaper": "NouvelObservateur", "author": ["L'Obs avec AFP"], "date_publi": "2013-11-16", "content": "De graves inondations ont frappe cette semaine le centre du Vietnam, ou quelque 20.000 personnes ont ete evacuees et au moins six personnes ont ete tuees, ont indique les autorites samedi 16 novembre. Les inondations ont ete provoquees par de fortes pluies dans la province de Quang Tri jusqu'a celle de Ninh Thuan, selon le Comite regional de lutte contre les intemperies. Elles resultent d'une nouvelle depression tropicale en mer de Chine, apres le passage du typhon Haiyan, qui a devaste les Philippines avant d'atteindre, sous une forme affaiblie, le Vietnam. Quelque 800.000 personnes avaient neanmoins du etre evacuees au Vietnam a l'approche d'Haiyan. \"Les eaux ont monte trop vite et les habitants locaux n'ont pas eu assez de temps pour s'y preparer\", a declare Van Phu Chinh, directeur du comite base dans la ville de Danang, ajoutant que \"la situation pourrait s'aggraver\" durant ce week-end. Il a egalement fait etat de trois personnes portees disparues dans cette region du centre du Vietnam. Plusieurs zones de l'ancienne cite imperiale de Hue, classee par l'Unesco au patrimoine mondial, ont ete inondees, sont sous un peu moins d'un metre d'eau. Des ecoles ont ete fermees a Quang Ngai et des districts coupees du reste du pays dans la region de Binh Dinh. L'Obs avec AFP Journaliste ", "theme": "Monde"}