{"id_art": "cfd77dbd6b27c2f3092ab1e39caf11a5", "title": "JAPON. Violent seisme de 5,6 au nord de Tokyo", "newspaper": "NouvelObservateur", "author": ["L'Obs avec AFP"], "date_publi": "2014-09-16", "content": "Un violent tremblement de terre s'est produit lundi 15 septembre a la mi-journee au nord de Tokyo, secouant les gratte-ciel et maisons de la capitale. Selon l'Agence nationale de meteo, l'epicentre de ce seisme, de magnitude 5,6, se trouvait dans la partie sud de la prefecture d'Ibaraki. Le centre de Tokyo est une des zones ou il a ete le plus ressenti. ALERT: 5.6-magnitude quake rocks parts of Japan (including Tokyo) at 11:28 AM (Manila Time) | via @USGS pic.twitter.com/Lj3ELoZ2Ik Il n'y a pas de risque de tsunami et aucun degat n'a ete rapporte dans l'immediat. \"Nous procedons a des verifications\", ont declare les autorites locales. Un premier choc violent a d'abord ete percu vers midi et demi (5h30 du matin en France) avant une serie de secousses tres fortes pendant une dizaine de secondes. Les operateurs des installations nucleaires ou les trepidations ont ete ressenties ont indique ne pas avoir constate d'anomalie dans un premier temps. Plusieurs lignes de train, dont les Shinkansen (rames a grande vitesse) reliant Tokyo a la prefecture de Fukushima, ont immediatement ete stoppees pour controler les voies, mais le trafic a rapidement repris. Des habitants de la region la plus proche de l'epicentre ont indique avoir ete prevenus quasi simultanement par le dispositif d'alerte precoce de l'agence de meteo. Cette derniere a prevu une conference de presse un peu plus tard dans la journee pour expliquer le mecanisme de ce seisme. Situe a la jonction de quatre plaques tectoniques, le Japon subit chaque annee plus de 20% des tremblements de terre les plus violents recenses sur la planete. L'Obs avec AFP Journaliste ", "theme": "Monde"}