{"id_art": "3fb42b585aa32852da413cf16ca8c192", "title": "Un seisme de magnitude 5,8 frappe le Mexique", "newspaper": "NouvelObservateur", "author": ["L'Obs avec AFP"], "date_publi": "2013-06-16", "content": "Un seisme de magnitude 5,8 a ete enregistre dans la nuit de samedi a dimanche 16 juin dans le centre du Mexique et ressenti a Mexico, ont annonce les autorites sans faire etat dans l'immediat de victimes ni de degats. La secousse a ete enregistree a 0h19, a environ 30 km au sud-ouest de la ville de Huitzuco, dans l'Etat de Guerrero, a une profondeur de 50 km, a precise le Service sismologique national du Mexique. \"Les premiers rapports indiquent que la capitale Mexico n'a subi aucun dommage\", a indique sur son compte Twitter Miguel Angel Mancera, maire de la capitale Mexico, ou la secousse a ete largement ressentie. \"Nous n'avons pas recu d'informations sur des incidents importants\", a dit de son cote a la presse Fausto Lugo, directeur de la protection civile. Mais des quartiers de Mexico ont ete prives d'electricite, selon la radio Formato 21. Le tremblement de terre a provoque des scenes de panique dans le centre de la capitale ou les clients de restaurants et de discotheques, affoles, ont pris leurs jambes a leur cou. Une partie de la megapole avait ete detruite en septembre 1985 par un seisme de magnitude 8,1 qui avait fait 3.700 morts de source officielle, mais plus de 20.000 selon des ONG. L'Obs avec AFP Journaliste ", "theme": "Monde"}