{"id_art": "7e4a45434f8ca00d4e342b0c7b5fc84c", "title": "Pakistan : le bilan des inondations pire que pour le tsunami", "newspaper": "NouvelObservateur", "author": ["L'Obs"], "date_publi": "2010-08-09", "content": "Une ampleur sans precedent. Selon les declarations d'un responsable de l'ONU, lundi 9 aout, la crise liee aux inondations au Pakistan qui ont fait quelque 13,8 millions de sinistres est pire que le tsunami de 2004 en Asie. \"Jusqu'a maintenant, les inondations au Pakistan ont fait 13,8 millions de sinistres\", a declare Maurizio Giuliano, porte-parole du Bureau de la coordination des affaires humanitaires de l'ONU (Ocha). \"Cette catastrophe est pire que le tsunami (de 2004), le tremblement de terre au Pakistan en 2005 et le recent tremblement de terre a Haiti\", a-t-il ajoute. 15 millions de personnes affectees \"Elle est plus importante car, lors du tremblement de terre au Pakistan en 2005, plus de 3 millions de personnes avaient ete sinistrees, tandis que le tsunami avait affecte 5 millions de personnes et que quelque 3 millions de personnes ont ete sinistrees lors du tremblement de terre a Haiti\", a-t-il ajoute. Selon l'ONU, les inondations au Pakistan ont tue au moins 1.600 personnes en pres de deux semaines. Quelque 500.000 personnes sont sans abri dans la seule region du Pendjab (centre). Le tsunami de decembre 2004 en Asie avait fait quelque 220.000 morts. L'Autorite pakistanaise de gestion des catastrophes avait estime vendredi a 12 millions le nombre de personnes deja touchees par les inondations au Pendjab et au Khyber Pakhtunkhwa (nord-ouest du Pakistan). Pres de trois millions de personnes ont ete touchees dans le Sind (sud), portant a 15 millions le nombre de personnes affectees a ce jour dans ce pays de 170 millions d'habitants. (Nouvelobs.com) L'Obs ", "theme": "Monde"}