{"id_art": "5cb112eee8705b272f6cda1e59af079a", "title": "Apres les attentats, vivre malgre la terreur : \"Bah, oui. C'est comme a la guerre\"", "newspaper": "NouvelObservateur", "author": ["L'Obs"], "date_publi": "2015-11-23", "content": "Le mot sort spontanement. \"C'est la guerre\", disent les Parisiens hebetes au lendemain des attentats. Car il y a bien eu la guerre en plein Paris. Rue de Charonne, un habitant a vu Houda, la gerante d'un cafe, se prendre une balle en pleine tete. Bley raconte qu'un kamikaze s'est fait exploser devant lui au Stade de France. La capitale s'est reveillee samedi matin avec des cadavres etendus par terre, leur sang baignant les trottoirs. Ces scenes inedites, incomprehensibles, insoutenables, rappellent Beyrouth ou Bagdad. Pas Paris. Recit de Luc, 22 ans, qui a secouru des victimes dans la rue, au Petit Cambodge: Les chirurgiens racontent avoir du operer des \"blessures de guerre\", qu'ils n'arrivaient parfois meme pas a refermer. Loin, bien loin de leur travail quotidien. Tous decrivent des machoires arrachees, des visages cribles d'eclats, des corps traverses de balles. Les victimes les plus gravement atteintes ont meme du etre transferees dans des hopitaux militaires, normalement destines aux soldats abimes en operations exterieures, au Mali ou en Afghanistan. Pas ici. Aujourd'hui, les chirurgiens r L'Obs ", "theme": "Attentats terroristes a Paris"}