{"id_art": "cfca6860c6ff0894cf058f49f58d5dcb", "title": "TURQUIE. Un seisme provoque l'effondrement d'un hotel", "newspaper": "NouvelObservateur", "author": ["L'Obs avec AFP"], "date_publi": "2011-11-09", "content": "Un seisme de magnitude 5,6 s'est produit mercredi 9 novembre au soir dans l'est de la Turquie, provoquant l'effondrement d'un hotel de six etages, a annonce la chaine de television privee turque NTV. Le seisme a eu lieu a 19h23 locales, et son epicentre etait localise dans le district d'Edremit, a indique NTV. Ce district est situe a environ 15 kilometres de la province de Van, frappee le 23 octobre par un seisme de magnitude 7,4 qui a fait plus de 600 morts. Une replique ? Selon NTV, un hotel de six etages situe dans la ville de Van et habite principalement par des journalistes et des equipes du Croissant Rouge turc s'est effondre apres le seisme de mercredi, et des equipes de secours et des ambulances se rendaient sur place. La television a indique qu'on ignorait s'il y avait des victimes. \"Il est trop tot pour savoir s'il s'agit d'une replique (du tremblement de terre du 23 octobre) ou d'un (nouveau) seisme\", a declare a NTV le professeur Mustafa Erdik, directeur de l'Observatoire Kandili de geophysique a Istanbul. Le Nouvel Observateur - AFP L'Obs avec AFP Journaliste ", "theme": "Monde"}