{"id_art": "d9b288cae46728d03d9fce86b47adbcb", "title": "Un seisme de magnitude 5,19 dans le sud-est de la France", "newspaper": "NouvelObservateur", "author": ["L'Obs avec AFP"], "date_publi": "2014-04-07", "content": "Un seisme de magnitude 5,19 sur l'echelle de Richter s'est produit lundi 7 avril au soir et a ete ressenti dans le quart sud-est, du Var aux Alpes-Maritimes et dans les Alpes du sud, sans faire ni degat important ni blesse mais suscitant sur le coup de vives inquietudes, une telle secousse se produisant \"une fois tous les 30 ans dans les Alpes\" selon un specialiste. L'epicentre du seisme, qui s'est produit a 21h27, se situe dans les Alpes-de-Haute-Provence, a 7 km de Chateauroux-les-Alpes, 8 km d'Embrun et 10 km de Barcelonnette, selon le Reseau national de surveillance sismique (Renass), base a Strasbourg. La profondeur de l'epicentre est estimee a 5 km sous terre. Il s'agit la, toujours selon le Renass, d'un seisme de magnitude 100 fois inferieure a celui de L'Aquila en Italie (6.4) qui avait fait plus de 300 morts et d'enormes degats, en avril 2009. Selon Francois Thouvenot, responsable du reseau Sismalp a Grenoble, pareil seisme ne se produit qu'\"une fois tous les trente ans dans les Alpes\". \"Ce n'est pas une surprise. C'est une zone connue des laboratoires de sismologies regionaux\", a encore indique le Renass. La sismicite de cette zone est due aux compressions qui forment les Alpes, nees de la remontee de la plaque tectonique africaine sur la plaque eurasienne. \"Aujourd'hui les plaques bougent continuellement\", confirme l'organisme. Le seisme a ete ressenti dans les Alpes-de-Haute-Provence a Digne, dans la vallee de l'Ubaye et jusqu'a Greoux, selon les pompiers du departement, ainsi qu'a Gap et meme Briancon dans le nord des Hautes-Alpes, ou encore Grenoble, et dans le sud jusqu'a Nice. \"A ce stade, on note uniquement quelques degats materiels dans le secteur de Barcelonnette, Jausiers, La Condamine, Meyronnes, Faucon-de-Barcelonnette\", a precise la prefecture de ce departement, ajoutant que \"des repliques sont encore possibles\". Plusieurs repliques de faible magnitude ont en effet ete enregistrees apres la premiere alerte, avec la region de Gap et Briancon comme epicentre, selon le site internet du Renass. Dans les Alpes-Maritimes, selon les pompiers, assaillis par 600 appels en moins d'une heure d'habitants inquiets, il n'y a eu ni blesse, ni degat recenses. Certaines personnes sont sorties de chez elles par precaution, mais \"aucune intervention des sapeurs pompiers n'est en cours\", a confirme le president du conseil general Eric Ciotti, qui preside le Sdis 06, parlant d'une secousse \"assez impressionnante\". Tremblement de terre dans le 04 21h27 , le colonel directeur du sdis 06 m'indique que pour l'heure aucun degat n'est signale dans le dpt Le Sdis des Hautes-Alpes a lui aussi indique avoir recu plus de 200 appels en une demi-heure, surtout de \"gens en panique\", mais n'a pas mene d'intervention liee a l'evenement. Les pompiers du Var ont recu une centaine d'appels, sans qu'aucun degat soit signale. La secousse a dure une dizaine de secondes a Nice ou le seisme a ete tres nettement ressenti, de meme qu'a Antibes (Alpes-Maritimes), Marseille ou Gap. \"Je me suis demande ce qui se passait, j'etais surpris, mon fils de 12 ans a hurle\", a temoigne Patrick Vaye, un habitant de Cannes-La Bocca (Alpes-Maritimes), qui s'est dit \"surpris\" que sa maison \"n'ait pas eu de fissure\". \"La terre a comme bourdonne sous nos pieds, j'ai eu peur d'une seconde secousse alors on est tout de suite sorti de la maison de peur que la toiture s'effondre\", a poursuivi le quinquagenaire qui dit avoir deja vecu un tremblement de terre en 2010, \"mais pas de cette ampleur\". En France, on recense 2.500 seismes par an, selon le ReNaSS. GRace a l'avancee des connaissances, un nouveau Plan Seisme a ete etabli a compter du 1er mai 2011, qui definit un zonage sismique beaucoup plus vaste : L'Obs avec AFP Journaliste ", "theme": "Societe"}