{"id_art": "45bbc1d8ff1851d1494b1bf9de64a99a", "title": "Matthieu Ricard : \"La meditation est tout sauf un repli sur soi\"", "newspaper": "NouvelObservateur", "author": ["L'Obs"], "date_publi": "2015-07-28", "content": "Matthieu Ricard, docteur en genetique cellulaire, est parti s'installer dans l'Himalaya a l'age de 26 ans pour apprendre et pratiquer le bouddhisme tibetain. Sept ans plus tard, il est devenu moine au sein du monastere nepalais de Shechen. Depuis 2000, il participe a de nombreuses etudes scientifiques consacrees a l'influence de l'entrainement de l'esprit sur le cerveau. Apres le succes qu'a rencontre en 1997 la publication du \"Moine et le Philosophe\", il a publie de nombreux ouvrages, dont \"L'Art de la meditation\" et \"Plaidoyer pour l'altruisme\". Il fait actuellement campagne pour recueillir des dons apres les terribles seismes qui ont recemment frappe le Nepal. Entretien. Combien de temps consacrez-vous chaque jour a la meditation ? - Une heure en moyenne - mes diverses activites m'occupent malheureusement beaucoup trop... Mais j'ai a ce jour effectue, si on les met bout a bout, cinq annees de retraites solitaires, durant lesquelles je pratique environ 8 heures par jour. Et, a la demande de mes amis scientifiques, j'ai calcule qu'au total, j'ai probablement consacre quelque 60.000 heures dans ma vie a la pratique spirituelle, qui comporte aussi des recitations de prieres et de mantras et des visualisations. Mais ce n'est pas la peine d'atteindre ce niveau de pratique pour ressentir les bienfaits de l'entrainement de l'esprit ! Il a maintenant ete montre que, si on pratique 30 minutes chaque jour, un mois de m L'Obs ", "theme": "Bien Bien"}