{"id_art": "bdad0166f05b72686975b952d78ac045", "title": "Orages et inondations : 120.000 foyers prives d'electricite", "newspaper": "NouvelObservateur", "author": ["L'Obs"], "date_publi": "2016-09-14", "content": "Chutes d'arbres, caves inondees : les orages qui ont traverse la France dans la nuit de mardi a mercredi 14 septembre ont provoque d'importants degats dans l'ouest du pays. En debut de matinee, quelque 120.000 foyers etaient toujours prives d'electricite alors que Meteo France a denombre plus de 70.000 impacts de foudre. En Bretagne, les intemperies ont particulierement frappe le Finistere ou les orages ont inonde des caves et coupe des axes de circulation. Plusieurs quartiers de Brest ont ete inondes et de nombreux automobilistes se sont retrouves pris au piege. #orages : une 100aine d'interventions des #pompiers du #FinistereLes photos des #inondations ici#meteo #bretagne https://t.co/gSFeNJq23V Dans les Pyrenees-Atlantiques et les Landes, les pompiers ont du effectuer une centaine d'interventions. Meme chose en Dordogne. Un chiffre qui grimpe a pres de 200 en Gironde. Ils ont ete appeles pour degager des arbres sur la chaussee et maitriser des departs d'incendies dus a la foudre. Orage en approche a #Biarritz @KeraunosObs @lachainemeteo pic.twitter.com/h1mwDDcTfl C'est maintenant le Sud-Est qui se trouve menace par cet episode orageux : sept departements ont ete places en vigilance orange : Aveyron, Lozere, Gard, Herault, Ardeche, Bouches-du-Rhone et Vaucluse. Des midi, des orages avec de fortes precipitations sont attendus. Dans cette zone, Meteo France recommande la prudence, notamment lors des deplacements. L'Obs ", "theme": "Societe"}