{"id_art": "1ad273a767c3a0c5d82b3db3cfe370ad", "title": "CHINE. Seisme de magnitude 5.2 dans la region du Xinjiang", "newspaper": "NouvelObservateur", "author": ["L'Obs avec AFP"], "date_publi": "2011-08-11", "content": "Un seisme de magnitude 5,2 a ebranle jeudi 11 aout la region du Xinjiang au nord-ouest de la Chine, a annonce l'Institut de geophysique americain (USGS), la secousse ayant detruit des habitations et fait 26 blesses, dont trois dans un etat critique, selon l'agence Chine nouvelle. L'epicentre du seisme survenu a 18H06 heure locale a ete localise non loin de la ville de Kachgar, cite au riche patrimoine situee sur l'ancienne Route de la soie, selon l'USGS. Plus de 30 habitations ont ete detruites, selon le porte-parole du Parti communiste du comte de Jiashi, cite par l'agence officielle chinoise. Le tremblement de terre a ete ressenti jusqu'a 450 kilometres de l'epicentre, selon l'agence Nouvelles de Chine. Le Xinjiang, vaste region montagneuse et desertique, compte pres de 9 millions de Ouighours, des musulmans turcophones, sur 20 millions d'habitants. Aride et pauvre, la region est frontaliere de huit pays et elle possede, dans le bassin du Tarim, la principale reserve d'hydrocarbures du pays. Le Nouvel Observateur - AFP L'Obs avec AFP Journaliste ", "theme": "Monde"}