{"id_art": "70ab7d9fd438916c05e9fc8d4b6a0802", "title": "Suppressions d'emploi a PSA : precisions site par site ce vendredi", "newspaper": "NouvelObservateur", "author": ["L'Obs"], "date_publi": "2012-07-13", "content": "18h40 - Royal parle \"d'electrochoc\" La presidente socialiste de la region Poitou-Charentes, Segolene Royal, souhaite que l'annonce de 8.000 suppressions de postes par le constructeur automobile PSA serve \"d'electrochoc\" pour reflechir a l'avenir de l'industrie automobile francaise. L'ancienne candidate a la presidentielle, qui s'exprimait a l'occasion de la session du conseil regional a Poitiers, accuse le precedent gouvernement d'avoir \"retarde\" le plan social du constructeur automobile. \"Ce n'est pas en huit jours, en un mois, que la situation de l'entreprise s'est deterioree\", a-t-elle aussi denonce, \"surtout quand on decouvre le montant scandaleux des dividendes, des stocks-options verses par l'entreprise a des dirigeants et actionnaires\". 17h10 - La production reprend sur le site d'Aulnay La production a repris au ralenti a l'usine PSA Peugeot Citroen d'Aulnay-sous-Bois (Seine-Saint-Denis) vendredi apres-midi, apres un arret de 3 heures, a indique la direction du site. \"La ligne a ete completement interrompue entre 11 heures et 14 heures, puis elle a recommence a tourner un peu\", a dit la direction. \"On fait quelques voitures, meme si ce n'est pas comme d'habitude 700 vehicules, mais ce n'est pas l'objectif aujourd'hui\", a ajoute cette source. \"A partir du moment ou quelques postes ne sont plus tenus, une ligne automobile s'arrete\", a explique la direction, ajoutant: \"dans les jours a venir, on peut s'attendre a de petits arrets courts\". 15H30 - 7.000 emplois indirects menaces, selon la CGPME La Confederation generale des PME (CGPME) de Seine-Saint-Denis estime que la fermeture de l'usine PSA d'Aulnay-sous-Bois, annoncee pour 2014, menace indirectement \"plus de 7.000 emplois dans les services et le commerce\" dans ce seul departement. Au-dela des 3.000 emplois supprimes directement par PSA, \"cette fermeture va mettre en difficulte de nombreuses PME sous-traitantes dans le departement et en Ile-de-France\" et, \"pour la seule Seine-Saint-Denis, plus de 7.000 emplois dans les services et le commerce pourraient etre indirectement menaces\", souligne le syndicat patronal des petites et moyennes entreprises. 13h30 - La production est arretee sur le site d'Aulnay La \"ligne de production ne tourne pas depuis environ 11 heures\" du matin a l'usine PSA Peugeot Citroen d'Aulnay-sous-Bois (Seine-Saint-Denis) dont la fermeture est annoncee pour 2014, a indique vendredi la direction du site. Alors que la CGT a affirme qu'un \"debrayage\" des ouvriers est a l'origine de cet arret, la direction a affirme de son cote qu'\"il ne s'agit pas d'un debrayage\", ajoutant que \"certaines personnes sont encore extremement choquees, nous ne souhaitons pas les forcer a travailler\". 13h25 - PSA n'exclut pas de licencier Faute de candidats au depart suffisants, le groupe automobile n'exlut pas de recourir a des licenciements, selon un document de la direction obtenu par l'Agence France-Presse. \"Une phase de licenciement collectif pour motif economique\" sera ouverte \"si, a l'issue de la phase de volontariat, il n'a pas pu etre procede au reclassement de la totalite des salaries concernes par la suppression des postes\" a Aulnay-sous-Bois (3.000) et Rennes (1.400). 13h05 - Un millier de salaries manifestent sur le site de Rennes Environ un millier de salaries de PSA se sont rassembles vendredi midi sur le site de la Janais, pres de Rennes, aux cris de \"non aux licenciements!\" pour protester contre les suppressions de postes annoncees la veille par le groupe automobile. \"Sans nous, pas de bagnoles !\", \"de l'argent, il y en a dans les caisses de PSA!\", \"non aux licenciements!\", clamaient les salaries de l'equipe du matin, rassembles dans l'enceinte de PSA a Rennes, ou 1.400 postes sur 5.600 seront supprimes. En 2005, le site comptait 12.000 salaries. \"C'est une mobilisation historique\", a estime Pierre Contesse, delegue syndical FO. 12h55 - Ayrault demande aux dirigeants de l'expliquer Le Premier ministre a demande aux patrons du groupe automobile de s'expliquer. \"Toutes ces questions, nous avons le devoir de les poser et nous attendons des reponses\", a ajoute le chef du gouvernement. 12h45 - Une centaine d'emplois supprimes en Moselle Une centaine d'emplois seront supprimes dans les deux usines PSA Peugeot-Citroen de Moselle, les syndicats redoutant que ce soit \"une premiere vague\". Au total, 52 postes seront supprimes a Tremery (3.740 permanents et 320 interimaires) et 42 a Metz-Borny (2.000 salaries), a precise le secretaire departemental de la CGT, Denis Pesce, a l'issue des CE qui ont eu lieu sur les sites. \"La direction a indique qu'il s'agira de departs volontaires\", alors que les emplois menaces porteraient essentiellement sur les effectifs de structure (recherche et developpement, et encadrement), a-t-il ajoute. 12h40 - Hollande soutient son gouvernement \"Le gouvernement a reagi comme il convenait avec la nomination d'un expert, la volonte de revoir ce qui a ete presente et d'avoir un plan pour l'industrie automobile qui sera presente au mois de juillet\", a declare le chef de l'Etat lors de la visite a Colombes (Hauts-de-Seine) d'un centre d'accueil de personnes en situation d'exclusion. 12h35 - 1.400 departs a Rennes, malgre la production d'une nouvelle voiture Le directeur industriel de PSA Peugeot Citroen, Denis Martin, a pris jeudi 12 juillet \"l'engagement d'un nouveau vehicule a Rennes en 2016\", alors que le site breton s'est vu annoncer jeudi 1.400 suppressions de postes sur 5.600 salaries. 12h25 - 273 departs volontaires sur le site de Mulhouse Le site PSA de Mulhouse (Haut-Rhin), ou travaillent pres de 8.300 salaries et 800 interimaires, sera touche par un plan de 273 departs volontaires, qui ne concernera pas le secteur de la production, a indique la CFDT a l'issue d'une reunion sur place d'un CE extraordinaire. Cette mesure a ete annoncee aux representants syndicaux par le directeur du site de Mulhouse, Jean Mouro, lors de cette reunion convoquee au lendemain du comite central d'entreprise a Paris, a dit Robert Calvet, delegue CFDT. \"Ce plan concerne les emplois de structures, dans les services de recherche-developpement ou administratifs, par exemple\", a detaille le syndicaliste. 12h20 - Moody's envisage d'abaisser la note de PSA L'agence de notation Moody's envisage d'abaisser la note de PSA en raison notamment de sa situation de tresorerie, a-t-elle indique vendredi. Le groupe \"brule 200 millions d'euros de liquidites par mois depuis mi-2011 et a une perte operationnelle recurrente estimee a 700 millions d'euros au premier semestre 2012 dans la division automobile\", a precise Falk Frey, un des responsables de Moody's specialiste de PSA, cite dans le communique. 12h - Le site de Poissy concerne par 700 suppression de postes PSA envisage de supprimer 700 postes sur le site de Poissy (Yvelines), sur les 8.000 prevues en France, a-t-on appris vendredi aupres de la direction et de sources syndicales. Lors du comite d'entreprise vendredi matin, la direction a remis aux representants du personnel un dossier de consultation, qui sera discute le 26 juillet lors d'un nouveau CE. \"A Poissy, ce sont 700 personnes a qui on proposera un depart volontaire\", a declare une porte-parole de la direction, ajoutant que le site yvelinois \"mettra tout en oeuvre pour accueillir les salaries d'Aulnay qui en feraient la demande\". 11h15 - La CFDT de Renault demande a sa direction d'agir La CFDT de Renault a demande vendredi 13 juillet a la direction du groupe automobile d'agir \"avant qu'il ne soit trop tard\" afin d'\"eviter que les salaries de Renault ne connaissent le meme sort que leurs collegues\" de PSA. Selon la CFDT, \"Aulnay devient emblematique de choix strategiques du patronat francais qui combat tous les couts lies a la main d'oeuvre, a n'importe quel prix, pour remunerer a bon compte le capital\". 10h50 - La plupart des salaries a leur poste a Aulnay La production etait au ralenti vendredi 13 juillet au matin a l'usine PSA Peugeot Citroen d'Aulnay-sous-Bois (Seine-Saint-Denis), ont indique la CGT et la direction du site, cette derniere affirmant cependant que la plupart des salaries etaient a leur poste. \"Aujourd'hui, le travail a commence en retard. Ca tourne au ralenti car tout le monde est ecoeure\", a declare a des journalistes Jean-Pierre Mercier de la CGT. Mais la production \"n'est pas l'objectif premier aujourd'hui. Notre priorite est de parler aux gens, de detecter des situations de detresse\", a dit la direction qui a decrit \"des gens encore tres choques ce matin\". 10h25 - PSA-Peugeot Citroen perd 4,56% en bourse Apres une ouverture en recul de 1,8%, la valeur s'est par la suite effondree et cedait 4,96% a 6,67 euros, dans un marche en hausse de 0,28%. A l'annonce du plan par l'entreprise automobile jeudi matin, apres une ouverture en hausse, le titre avait progressivement recule pour atteindre son plus bas niveau jusqu'alors, a 6,96. 10h20 - Christiane Taubira en appelle a l'Etat de droit La ministre de la Justice, Christiane Taubira, a souligne vendredi que l'Etat avait la capacite de veiller a ce que les \"engagements\" pris par PSA soient \"respectes\", apres le vaste plan social annonce par le groupe, car \"dans un Etat de droit, il y a des obligations\". \"L'Etat peut intervenir de facon a s'assurer que les engagements pris soient respectes et l'Etat peut veiller a ce que (...) cette entreprise respecte ses obligations, l'Etat peut veiller a ce que ses obligations soient explicitees\", a declare la garde des Sceaux sur BFMTV/RMC au lendemain de l'annonce par le groupe PSA Peugeot Citroen de 8.000 suppressions de postes. 10h - Comment PSA en est arrive la ? Pour Bertrand Rakoto, specialiste du secteur automobile, l'annonce de la suppression de 8.000 postes est une consequence de la crise... Mais pas seulement. Interview a lire ici. 9h50 - Le gouvernement Fillon etait-il au courant ? C'est ce qu'affirme l'equipe d'Ayrault. Najat Vallaud Belkacem, porte-parole du gouvernement accuse le gouvernement Fillon d'avoir obtenu le silence de PSA durant la campagne. 9h - Les grands axes du plan sont \"indispensables\" Les grands axes du plan de 8.000 suppressions de postes annonce par le groupe automobile PSA Peugeot Citroen sont \"indispensables\", meme s'il est possible de discuter, a affirme vendredi Frederic Saint-Geours, directeur general des marques du constructeur. Le numero 2 de PSA n'exclut cependant pas la negociation, notamment sur les reconversions. \"Bien sur\" que le plan est \"negociable puisqu'on est dans un processus avec les organisations syndicales\", a declare le numero deux de PSA. Par ailleurs, Frederic Saint-Geours a declare que le groupe brulait sa tresorerie, perdant 200 millions d'euros par mois depuis un an. 6h45 - Les precisions site par site ce vendredi Au lendemain du seisme provoque par l'annonce par PSA d'un plan social d'une ampleur sans precedent pour le groupe, la direction doit preciser site par site ses projets qui prevoient la fin de la production a Aulnay et la suppression de 8.000 postes en France. Des comites d'entreprise se tiendront vendredi 13 juillet au matin dans chaque site du groupe. La direction devrait presenter aux salaries, notamment ceux d'Aulnay et de Rennes, les plus touches, le contenu de ce plan. L'Obs ", "theme": "Social"}