{"id_art": "0a942b0745fa0d4ee305220ebdf8cb6f", "title": "Paris : la crue de la Seine pourrait atteindre les 6,20 metres, plus qu'en 2016", "newspaper": "NouvelObservateur", "author": ["L'Obs"], "date_publi": "2018-01-24", "content": "Les crues et les inondations menacent toujours une partie de la France. Ce mercredi 24 janvier, 15 departements situes dans le quart nord-est etaient en fin de journee en vigilance orange crues-inondations, autour du bassin de la Seine, du Doubs et de la Saone. Dans son dernier bulletin publie mercredi apres-midi, Vigicrue annonce : \"Ce nouvel episode pourrait venir contrarier les decrues amorcees et eventuellement faire repartir a la hausse les niveaux de certains cours d'eau sur les reliefs du nord-est\", selon Vigicrues. Dans la capitale, la crue de la Seine pourrait atteindre ou legerement depasser, d'ici a la fin de la semaine, le pic de 6,10 m de 2016, en fonction des precipitations. Mardi midi, le niveau a ete mesure a plus de 5 metres au pont d'Austerlitz. \"On s'oriente vers un niveau de crue assez semblable a celui de 2016. La cote de ce matin etait de 5,12 metres a Austerlitz pour une prevision annoncee hier entre 5,10 m et 5,40 m\", a declare ce mercredi le prefet de police Michel Delpuech lors d'un point presse, assurant que tous les services et operateurs concernes etaient \"mobilises\" et \"vigilants\". Jeudi, le niveau pourrait atteindre \"5,30 m a 5,60 m, vendredi matin 5,60 m a 5,80 m, et le maximum probable se situerait entre 5,80 m et 6,20 m le week-end a partir de samedi\", a-t-il encore declare. La ligne C du RER, qui devait initialement etre fermee dans la capitale jusqu'a vendredi, le sera finalement jusqu'au 31 janvier, a-t-on appris mercredi en fin de journee. Les sept gares intra muros (Saint-Michel Notre-Dame, Musee d'Orsay, Invalides, Champ de Mars, Avenue du President Kennedy et Boulainvilliers) resteront donc fermees pour une semaine encore. La maire de Paris, Anne Hidalgo, a reuni mardi la \"cellule de crise\" de la Ville, avec les operateurs concernes (Enedis, GRDF, Eau de Paris, RATP, SNCF, etc). \"Nous restons extremement vigilants\", a-t-elle declare. Le Louvre, qui comme le Musee d'Orsay en 2016 avait du mettre ses reserves a l'abri, s'est dit lui aussi \"tres vigilant\" : \"A Paris, hors les berges, les consequences devraient etre les memes qu'en 2016\", a toutefois commente Jerome Goellner, patron des services de l'Etat en charge de l'Environnement dans la region (DRIEE). \"C'est surtout en amont et aval que les consequences peuvent etre plus dommageables, similaires a celles de 2016\", selon Jean-Marc Dolmiere, adjoint au directeur de l'organisme de suivi des cours d'eau Vigicrues. Des \"debordements importants\" etaient d'ailleurs en cours, mardi soir, notamment en amont de la Marne et sur l'Yonne, selon Vigicrues, qui scrute 22.000 km de cours d'eau - operation complexe realisee grace a des \"echelles relatives\", dont la plus celebre installee au pont d'Austerlitz. \"La situation est serieuse mais il n'y a pas lieu de s'angoisser aujourd'hui outre mesure\", a commente mardi la secretaire d'Etat a la Transition ecologique Brune Poirson, tandis que son collegue Sebastien Lecornu appelait a la \"prudence\". Une crue \"moderee\" est en cours sur le Rhone en aval de Lyon. Dans le Nord-Est, \"les niveaux demeurent eleves sur de nombreux cours d'eau, en particulier sur la Meuse et le Rhin\". Dans l'Est, le pic de crue du Rhin \"a ete atteint a 18 heures\" a indique la prefecture du Bas-Rhin, qui a souligne que la decision de remplir un polder de 600 ha avait \"fait son oeuvre en arretant la crue\" et a ajoute : La navigation sur le fleuve, arretee mardi, a pu reprendre sur \"certains troncons tres minoritaires en contrebas, mais les conditions restent difficiles pour la navigation\", a-t-elle precise. En vigilance rouge lundi apres les debordements des rivieres Loue et Doubs, Montbeliard a atteint son pic de crue. Ce devait etre aussi le cas a Besancon dans la nuit. Dans le Jura, en raison de craintes d'inondations et de \"quelques mouvements de terrain\", les transports scolaires ne circuleront pas dans douze communes du departement mercredi, ou ecoles et colleges seront fermes. (avec AFP) L'Obs ", "theme": "Faits divers"}