{"id_art": "21dbeff9c0d6f0c040f7917a55d38165", "title": "Zones noires : les sinistres devraient porter plainte ", "newspaper": "NouvelObservateur", "author": ["L'Obs"], "date_publi": "2010-05-03", "content": "L'association des Victimes des inondations a la Faute-sur-Mer, en Vendee, et des environs \"devrait deposer plainte au penal tres rapidement\", a declare dimanche 2 mai l'avocate Corine Lepage a l'issue de la reunion de la premiere assemblee generale de l'Avif. L'association pourrait deposer une plainte \"d'ici 15 jours et se constituer partie civile\", a declare l'ancienne ministre de l'Environnement apres l'assemblee qui a reuni plusieurs centaines de personnes a La Faute-sur-Mer. Ils \"ne sont pas responsables de ce qui s'est passe\" L'association devrait egalement contester la delimitation des \"zones noires\", decidee par les services de l'Etat, et ou toute habitation serait desormais proscrite. L'Avif, a souligne l'avocate, se sent confortee dans sa demarche a la suite de la decision du tribunal administratif\" de Nantes qui, apres avoir ete saisi en refere, a enjoint jeudi dernier au prefet de Vendee \"de communiquer a l'Association (...), dans un delai de 15 jours (..), l'ensemble des avis, analyses, etudes et expertises (...) ayant servi de fondement\" a la determination des \"zones noires\", et des \"zones jaunes\", sur les communes de La Faute-sur-Mer et de L'Aiguillon-sur-Mer\", Corinne Lepage a egalement conteste le fait que l'eau et l'electricite aient ete coupees dans un certain nombre de maisons \"sans aucune base legale\" a ses yeux. A propos des indemnisations, l'ancienne ministre a declare \"avoir ressenti beaucoup d'inquietudes quant aux delais de paiement\" car les habitants qui souhaitent quitter la zone ne peuvent racheter un bien tant qu'ils n'ont pas percu ces indemnisations. Selon le prefet, les premiers versements pourraient intervenir en septembre, soit dans quatre mois, ce qui est long, a-t-elle precise. \"Ces gens ne sont pas responsables de ce qui s'est passe. Ce sont des victimes\", a affirme l'avocate. \"Un certain nombre de points d'action\" Lors de cette AG constitutive, les trois fondateurs ont ete elus president et vice-presidents de l'Avif. Il s'agit respectivement de Yannick Lange, de Renaud Pinoit et de Xavier Machuron-Mandard, a indique ce dernier. \"A travers les commissions thematiques en passe d'etre constituees, nous allons definir tres vite un certain nombre de points d'action\", a souligne Xavier Machuron-Mandard. Parmi ces points, \"l'eau et l'electricite, la reflexion autour de la recherche de responsabilites qu'il va falloir traiter de maniere concrete, et le zonage, suite a la decision du tribunal administratif\", a-t-il developpe, precisant que les decisions n'etaient \"pas encore completement arretees\". Avant l'assemblee generale de l'Avif, quelque 150 personnes, selon l'une des participantes, s'etaient rassemblees pour un pique-nique champetre a la pointe de l'Aiguillon-sur-Mer. \"C'etait une occasion de faire connaissance avec nos voisins de la pointe de l'Aiguillon car on ne se connait pas\", a declare Marie-Christine Bafoukay. \"On a fait un travail de fourmis pour retrouver les gens et nous sommes tres contents car c'est comme une grande chaine de solidarite\" qui s'est creee, a-t-elle ajoute. En Vendee, les zones noires englobent 915 maisons, 241 a l'Aiguillon-sur-Mer, dont 25 residences principales, et 674 a La Faute-sur-Mer, ou la tempete du 28 fevrier dernier a fait 29 morts, dont 92 residences principales. (Nouvelobs.com avec AFP) L'Obs ", "theme": "Societe"}