{"id_art": "d6498ba9495f6acd7c4d8037b613d18f", "title": "Seisme de magnitude 6,7 en Equateur", "newspaper": "NouvelObservateur", "author": ["L'Obs"], "date_publi": "2007-11-16", "content": "Un seisme d'une magnitude de 6,7 degres a secoue le sud-ouest de l'Equateur jeudi 15 novembre a 22H15 locales (vendredi 03H15 GMT) sans faire de victimes mais a provoque quelques degat materiels, des bris de vitres dans la ville de Guayaquil. Selon la Croix Rouge, il n'y aurait ni victime, ni degat a deplorer. L'Institut geologique americain situe l'epicentre a 120 km sous terre, a 250 km environ au sud-est de Quito, la capitale equatorienne, ou des temoins rapportent avoir ressenti des secousses. L'Institut de geophysique americain (USGS) avait annonce auparavant un tremblement de terre dans la zone frontaliere entre la Colombie et l'Equateur. Pas lie au precedent En revanche, ni la mine d'or de Yanacocha, dans le sud de l'Equateur, ni les installations d'extraction de petrole, n'ont ete touchees par le tremblement de terre. Selon Hernan Tavara, un sismologue peruvien, le seisme de jeudi n'est pas lie a celui qui a secoue le Chili mercredi, tuant deux personnes, et en blessant une centaine. Un puissant seisme, d'une magnitude de 7,7 sur l'echelle de Richter, avait secoue mercredi le nord du Chili et le sud du Perou, et fait au moins deux morts et plusieurs milliers de sinistres. L'Obs ", "theme": "Monde"}