{"id_art": "a33f0d0b290054c14523ca39fb3b27ad", "title": "Le volcan du Mont Kelud est entre en eruption", "newspaper": "NouvelObservateur", "author": ["L'Obs"], "date_publi": "2007-11-03", "content": "Apres deux semaines d'alerte maximale, le volcan indonesien du Mont Kelud est entre en eruption, a annonce samedi 3 novembre Saut Simatupang, du centre de volcanologie indonesien. Dans l'immediat, il est impossible d'observer visuellement le phenomene, le cratere du volcan etant masque par une epaisse fumee, mais le scientifique a affirme que les donnees sismiques permettaient de comprendre que l'eruption attendue avait commence.\"La premiere eruption s'est produite a 16H15 [10h15 heure francaise]\", selon le volcanologue Agus Budianto. Des temoins auraient entendu une forte explosion. Le volcan du mont Kelud (ou Kelut), situe l'est de l'ile de Java, avait genere ces derniers jours une serie de secousses inquietantes, et de plus en plus rapprochees. Les volcanologues travaillant dans le centre d'observation du volcan, a environ 7 kilometres du cratere, ont eux-memes quitte les lieux, a indique Agus Budianto. Des dizaines de milliers de villageois ont ete evacues, provoquant quelques mouvements de panique, mais un nombre indetermine d'autres sont restes dans leur logis, ou y sont revenus, malgre les consignes officielles. La television indonesienne a montre samedi des habitants prenant la fuite dans le calme, empilant leurs biens dans des vehicules, sous une pluie battante. Le Mont Kelud, qui culmine a 1.731m d'altitude, est un des volcans les plus actifs de l'archipel indonesien. Les tremblements de terre et les eruptions volcaniques sont frequents en Indonesie, un immense archipel forme de milliers d'iles et d'ilots situe sur la \"ceinture de feu\" du Pacifique. L'Indonesie compte environ 130 volcans actifs.(avec AP) L'Obs ", "theme": "Monde"}