{"id_art": "465f092625aabd71366c1a61a61a7804", "title": "Six departements en vigilance orange pluie et inondation", "newspaper": "NouvelObservateur", "author": ["L'Obs"], "date_publi": "2013-05-02", "content": "Meteo France a diffuse jeudi 2 mai un avis de vigilance orange pluie et inondation pour l'Ain, la Cote-d'Or, l'Isere, la Loire, le Rhone et la Saone-et-Loire a partir de jeudi a 23 heures et jusqu'a vendredi 3 mai a 23 heures. De fortes pluies orageuses concerneront Rhone-Alpes et l'est du Massif-Central, des le debut de matinee, puis remonteront vers la Bourgogne, la Franche-Comte, la Lorraine et l'Alsace en cours d'apres-midi. Sur les sols deja bien gorges d'eau des precedentes precipitations, la repercussion de ces fortes pluies se fera sentir sur le debit des rivieres. Meteo France met ainsi en garde contre des inondations et des crues inhabituelles, ainsi que des conditions de circulation difficiles sur le reseau routier secondaire et dans les transports ferroviaires hors grandes lignes. \"D'ici vendredi soir, la lame d'eau attendue est de l'ordre de 20 a 40 mm, localement 60 a 70 mm\", indique Meteo France. A Lyon des bateaux ont ete bloques a quai a cause des crues. L'Obs ", "theme": "Societe"}