{"id_art": "1f3249f19a550a742ab640b11c27fcbd", "title": "JAPON. Seisme de magnitude 6 au large de Fukushima", "newspaper": "NouvelObservateur", "author": ["L'Obs avec AFP"], "date_publi": "2011-08-12", "content": "Un seisme de magnitude 6,O s'est produit dans la nuit de jeudi a vendredi dans le nord-est du Japon, dans la prefecture de Fukushima, mais aucune alerte au tsunami n'a ete declenchee et aucune anomalie detectee dans les minutes suivantes a la centrale accidentee de Fukushima. Les secousses ont nettement ete ressenties dans la capitale Tokyo ou les immeubles ont tangue. Risques de repliques Selon l'agence de meteorologie nippone, le tremblement de terre s'est produit vendredi a 03h22 heure locale. Son epicentre etait situe sur la cote de Fukushima et son hypocentre a 50 km de profondeur. Les autorites n'ont pas signale de victime ou degat immediatement apres le seisme mais ont mis en garde la population contre des risques de repliques. Pas de probleme a Fukushima La compagnie d'electricite Tokyo Electric Power (Tepco), exploitante de la centrale Fukushima, a indique ne pas avoir observe de problemes particuliers decoulant de ce nouveau seisme dans ses installations. Le Japon, situe a la jonction de quatre plaques tectoniques, subit chaque annee plus de 20% des tremblements de terre les plus violents recenses sur la planete. Ces derniers mois, l'activite sismique y est particulierement forte. Le Japon a ete meurtri le 11 mars par le plus violent seisme enregistre sur son territoire, une secousse tellurique de magnitude 9 au large des cotes nord-est. Suivie d'un tsunami geant, cette catastrophe a fait plus de 20.000 morts et disparus, selon le plus recent bilan. Ce seisme sans precedent a en outre entraine un grave accident a la centrale nucleaire de Fukushima Daiichi et conduit a l'arret de plusieurs autres reacteurs nucleaires dans la region nord-est du pays. Le Nouvel Observateur - AFP L'Obs avec AFP Journaliste ", "theme": "Planete"}