{"id_art": "49f3ed812e504291a608f845122198db", "title": "INDE. Le puissant cyclone Phailin s'abat sur la cote orientale", "newspaper": "NouvelObservateur", "author": ["L'Obs avec AFP"], "date_publi": "2013-10-12", "content": "Le violent cyclone Phailin qui a touche les cotes orientales de l'Inde samedi, contraignant a l'evacuation un demi-million de personnes, a fait d'ores et deja cinq morts, a rapporte un grand journal indien sur son site web. Quatre personnes ont peri a la suite de la chute d'arbres et une femme agee est morte ensevelie sous les decombres de sa maison, dans l'Etat d'Orissa, a indique \"Times of India\". Un fonctionnaire s'exprimant sous couvert de l'anonymat a indique que le bilan atteignait six morts, sans autre precision. Le cyclone est accompagne de rafales de vent pouvant atteindre jusqu'a 240 km/h et pourrait etre le plus puissant a balayer cette region de l'Inde en 14 ans, avec une montee des eaux de trois metres qui menace d'inonder les zones cotieres. Le cyclone a commence a atteindre la ville cotiere de Gopalpur, dans l'Etat de l'Orissa, peu apres 21 heures locales (15h30 GMT) et devrait deferler sur une bande cotiere de 150 kilometres pendant les six prochaines heures, a annonce le responsable des services meteorologiques indiens. \"Le tres violent cyclone Phailin a commence a toucher la cote pres de la ville de Gopalpur. La vitesse enregistree du vent est de 200 km/h\", a declare L.S. Rathore, son directeur general, au cours d'une conference de presse. Il devrait rester classe dans la categorie des \"tempetes cycloniques tres violentes\" pendant six heures avant de perdre de sa puissance, a-t-il ajoute. L'Etat d'Orissa et celui, voisin, de l'Andhra Pradesh etaient battus par des vents qui faisaient se coucher les arbres, plusieurs heures avant que le cyclone ne touche leurs cotes. La region menacee avait deja ete sinistree en 1999 par un cyclone qui avait fait plus de 8.000 morts. Quelque 550.000 personnes ont ete evacuees avant l'arrivee du cyclone, dont 450.000 en Orissa et 100.000 dans l'Andra Pradesh, a dit le ministre de l'Interieur, Sushilkumar Shinde. Les autorites du Bengale occidental, Etat voisin, ont indique que les hotels de la cote avaient ete evacues. Ces personnes, entassees dans des bus et des rickshaws, quittaient leur logement avec leurs biens dans un flot continu jusqu'aux abris d'urgence. Il s'agit pour l'Inde d'un des plus importants mouvements de population jamais organise, selon le responsable. A Gopalpur, sur la cote, femmes et enfants ont ete les premiers mis a l'abri dans des ecoles, abris d'urgence et des edifices publics ou leur etaient servis des repas. \"Le gouvernement a donne l'ordre d'evacuer de force les gens qui resisteraient\", a prevenu de son cote le responsable de l'aide pour l'Orissa. Quelque 300 equipes de medecins de l'armee, d'ingenieurs, de sauveteurs ont ete deployees dans les zones les plus a risque, a-t-il ajoute. La Croix-Rouge indienne a egalement positionne ses equipes de secours et les helicopteres et avions de l'armee sont en alerte. Dans ces deux Etats pauvres, nombre d'habitants sont loges dans des baraquements precaires. \"De gros objets sont susceptibles de s'envoler\" en raison du vent, avait prevenu des vendredi Singh Rathore, directeur general des services meteorologiques. Les cultures, dans cette region tres dependante de l'agriculture, pourraient etre devastees, a-t-il prevenu. Le centre americain de surveillance des typhons, gere par la Marine, a estime que les pointes de vente pourraient atteindre 315 km/h tandis qu'il a ete classe dans la categorie des cyclones les plus dangereux par le Tropical Storm Risk britannique. Le gouvernement de l'Orissa, peuple de 40 millions de personnes, a fixe un objectif de \"zero victime\" et de 100% d'evacuation des populations des zones les plus a risque. Dans l'Etat de l'Orissa, nombre de magasins etaient a court de reserves en raison d'achats de precaution. En 1999, la vitesse des vents accompagnant le cyclone etait encore plus elevee.Les autorites s'estiment mieux preparees cette fois, grace a des previsions plus fines et a une meilleure anticipation. L'Inde et le Bangladesh sont regulierement frappes entre avril et novembre par les cyclones qui se developpent dans le golfe du Bengale. En 1970, un cyclone avait tue des centaines de milliers de personnes au Bangladesh. L'Obs avec AFP Journaliste ", "theme": "Monde"}