{"id_art": "75dfc61b60b5283678686a5a73e4a3e9", "title": "Brexit : \"Le pire serait de continuer comme avant\", estime la presse", "newspaper": "NouvelObservateur", "author": ["L'Obs"], "date_publi": "2016-06-25", "content": "\"On attend les actes !\" Les editorialistes de la presse francaise appellent ce samedi 25 juin les Etats membres de l'Union europeenne a une reaction energique pour sauver l'Union europeenne, apres le grave revers que constitue la decision des Britanniques de la quitter. \"L'UE encaisse un revers de proportion historique\", admet d'emblee, comme ses confreres, Jerome Fenoglio, du \"Monde\". Et de poursuivre : \"Le Monde\" avec \"Le Royaume-Uni quitte l'Europe\", \"Liberation\" avec \"Good luck\", \"Le Figaro\" avec \"Seisme en Europe\" ou \"Le Parisien\" avec \"Ce que le Brexit va changer\", tous ces quotidiens nationaux font leur Une avec la decision par referendum des Britanniques de claquer la porte de l'Union europeenne. ? \"L'Europe est une maison commune : elle brule. Ses dirigeants ont donc rendez-vous avec l'Histoire. La reaction doit etre a la hauteur de l'evenement. On attend les actes\", assene Laurent Joffrin dans \"Liberation\". Mais pour sauver l'UE, \"il faut etre pret a tout revoir : la methode, les objectifs et les participants\", previent dans Le Figaro Philippe Gelie, pour qui le depart du Royaume-Uni de l'UE \"n'est pas la fin du monde, mais la fin de l'Europe telle que nous la connaissions.\" \"L'Union europeenne ne sera plus la meme desormais\", rencherit Francois Regis Hutin, de \"Ouest-France\". Et desormais pour lui, \"il est urgent qu'un sursaut permette a l'Union de se remettre en marche.\" \"Devenu boiteux, ce modele d'Europe politique prend une gifle magistrale\", constate Didier Rose, des \"Dernieres Nouvelles d'Alsace\". \"C'est dur. Et peut-etre salvateur\", ajoute-t-il. Car pour lui \"l'ideal europeen est en mesure de survivre au Brexit. A condition de ne pas s'enferrer dans les memes erreurs.\" \"L'Europe qu'on nous impose, asphyxiee par son absence d'ideal, n'est pas celle dont nous avons reve\", rappelle Jerome Glaize, de \"Presse Ocean\". \"C'est toute la construction europeenne qu'il faut reprendre\", explique Jean-Marcel Bouguereau, de la Republique des Pyrenees. \"Il faut apporter une reponse a la hauteur a l'avertissement britannique car si les lecons de cette defaite ne sont pas tirees, alors l'Union europeenne sera clairement menacee\", ecrit-t-il. \"La suite, c'est aux dirigeants des 27 de l'ecrire et de se montrer a la hauteur du defi. Il faut passer tres vite aux actes\", ecrit Herve Favre, dans la Voix du Nord, avant de poursuivre en guise de conclusion : ? (Avec AFP) L'Obs ", "theme": "Brexit"}