{"id_art": "06f8cc4bb0e6cf62599f56cc790021cf", "title": "Deux ans apres le seisme, Haiti peine a se reconstruire", "newspaper": "NouvelObservateur", "author": ["L'Obs avec AFP"], "date_publi": "2012-01-12", "content": "Plus de 500.000 personnes sinistrees, Port-au-Prince encore devastee, un pays sous perfusion humanitaire : deux ans apres le seisme du 12 janvier 2010, la reconstruction d'Haiti a a peine commence. Le tremblement de terre, qui avait fait entre 200.000 et 250.000 morts et 1,5 million de sans-abri, est toujours aussi present. Le nombre de personnes vivant dans les camps est passe d'1,5 million en juillet 2010 a quelque 515.000 personnes aujourd'hui, avait annonce mardi l'Organisation internationale pour les migrations (OIM). L'effort de reconstruction a permis de sortir le pays du chaos, mais les Haitiens font toujours face a des \"defis considerables\", a de son cote estime mercredi un responsable de l'agence americaine d'aide au developpement. Trois plans de reconstruction du centre-ville de Port-au-Prince, dont l'un prepare par la Fondation du prince Charles, attendent dans les tiroirs. \"Nous allons faire une fusion des differentes propositions et proposer une version finale de la reconstruction du centre de la capitale\", assure Arry Adam, chef de la nouvelle autorite chargee de la reconstruction. Les crises a repetition caracteristiques du pays le plus pauvre des Ameriques, des elections agitees et une longue transition gouvernementale n'ont pas facilite l'execution des projets, au grand dam du demi-million de sinistres qui s'entassent encore dans des campements \"provisoires\". \"Je vais vous retirer de sous ces tentes, vous allez retourner dans vos quartiers dans des conditions dignes. Ce que d'autres n'avaient pas pu faire en 20 mois, je vais le realiser en trois mois\", a promis le president fraichement elu Martelly, haranguant devant son palais en ruines une foule de plusieurs centaines de sans-abri. Martelly a inaugure un projet de rehabilitation de plusieurs communes de l'agglomeration et se rejouit d'avoir reussi a evacuer des espaces publics transformes en abris en offrant une prime de 500 dollars par famille pour louer une chambre. Mais les premiers concernes ne croient plus guere aux promesses de la classe politique. \"On est en Haiti, on fait toujours beaucoup de promesses, souvent sans lendemain\", temoigne ainsi Erole Nelson, vendeur de CD contrefaits assis a quelques metres du palais devant ce qui est sa demeure depuis le seisme. Dans la communaute internationale, l'impatience est aussi de mise. \"Les progres de la reconstruction sont loin d'etre satisfaisants. La reconstruction est ralentie par des questions administratives\", deplore la parlementaire europeenne Michele Striffler, s'interrogeant sur l'efficacite de la commission interimaire pour la reconstruction d'Haiti (CIRH) copresidee par l'ancien president americain Bill Clinton. Pour sa part, l'agence americaine pour le developpement (USAID) estime qu'\"Haiti est en train de se reconstruire\". \"L'economie a connu une croissance de 6% l'an passe et USAID y a participe de plusieurs manieres\", explique Mark Feierstein, un responsable de l'USAID. \"Nous avons degage la moitie des debris et si vous allez a Haiti aujourd'hui, vous pouvez constater qu'ils sont a peine visibles\", assure-t-il. \"Nous avons aussi aide a deplacer des centaines de milliers de personnes qui vivaient dans des camps de tentes vers des refuges plus securises\", poursuit enfin Feierstein. \"De maniere generale, les choses se passent plutot bien (...) Mais vous ne pouvez pas esperer du pays le plus pauvre du monde qu'il se remette sur pied un ou deux ans seulement apres avoir ete devaste par un seisme\". Sante, education, alimentation, logement : le pays le plus pauvre des Ameriques n'a pas attendu le tremblement de terre du 12 janvier 2010 pour vivre au crochet d'organisations non gouvernementales etrangeres. Dans les rues de Port-au-Prince et dans les campements, les travailleurs humanitaires sont toujours actifs, mais visiblement moins nombreux que dans les mois qui ont suivi la catastrophe de 2010. Innombrables, certaines organisations etrangeres se sont attire leur lot de publicite negative au lendemain du seisme, a l'image de l'association americaine accusee d'avoir voulu sortir illegalement des enfants du pays. Mais le ministre de la Planification et de la Cooperation du nouveau gouvernement haitien, Hervey Day, charge de la supervision des ONG, admet que ces institutions \"repondent a un deficit etatique et apportent des services dans un contexte ou l'Etat n'a pas les moyens d'intervenir\". \"Nous ne sommes pas encore prets a remplacer les ONG\", a declare le ministre. Lequel affirme toutefois vouloir \"redefinir le cadre de fonctionnement de ces institutions et corriger la proliferation\" des associations, dont son ministere est en train de dresser un etat des lieux. Malgre la diminution du nombre de sinistres, des fonds sont toujours necessaires pour aider Haiti a affronter la crise du logement, qui existait deja sur l'ile au moment du seisme. Car si de nombreux Haitiens parviennent a se reloger, l'Organisation internationale pour les migrations (OIM) craint que ces logements ne correspondent pas tous aux normes de securite, notamment s'ils sont construits dans l'urgence. L'agence onusienne estime ainsi que pres de 231 millions de dollars (180 millions d'euros) sont necessaires pour 2012. Ces fonds permettront notamment d'aider a la reconstruction du pays, egalement frappe depuis fin 2010 par une epidemie de cholera qui a infecte plus de 520.000 personnes et a fait pres de 7.000 morts. L'Obs avec AFP Journaliste ", "theme": "Monde"}