{"id_art": "7df87dbf75c937af65e811b9e492d2bd", "title": "Seisme au Mexique : aucun enfant survivant dans les decombres d'une ecole, selon les autorites mexicaines", "newspaper": "NouvelObservateur", "author": ["L'Obs"], "date_publi": "2017-09-21", "content": "Les autorites mexicaines en sont certaines : tous les enfants de l'ecole Enrique Rebsamen sont soit morts, soit dans les hopitaux, soit chez eux. Elles ont dementi jeudi la presence d'une jeune fille vivante sous l'ecole qui s'est effondree lors du seisme de magnitude 7,1 a frappe mardi Mexico et ses environs, contrairement a ce qu'avait pu rapporte les medias mexicains, et plus particulierement \"la Nacion\". A une television locale, le ministre de la Marine, Angel Sarmiento, assure qu'un adulte est encore en vie sous les decombres, mais aucun enfant : Les secouristes mexicains travaillaient encore d'arrache-pied ce jeudi 21 septembre pour degager des decombres d'eventuels survivants d'une ecole ou 21 enfants ont peri lors du seisme de magnitude 7,1 qui a fait au moins 233 morts dans la region de Mexico. \"Nous savons qu'il y a une petite fille vivante a l'interieur, mais nous ne savons pas comment l'atteindre (...) sans provoquer un effondrement et sans prendre des risques pour le personnel\", avait pourtant declare auparavant a la television l'amiral Jose Luis Vergara, qui coordonne l'operation. Les televisions locales suivaient particulierement en direct la moindre avancee de l'operation et notamment le sauvetage en cours d'une enfant nommee Frida Sofia, agee de 12 ans, selon \"la Nacion\", supposee coincee depuis plus de 24 heures sous les decombres de son ecole. Mais c'etait avant le dementi du ministre de la Marine. L'Obs ", "theme": "Monde"}