{"id_art": "9abd94674e3ac4584a281f38fdd5a534", "title": "\"Boobquake\" : la lutte des poitrines est lancee", "newspaper": "NouvelObservateur", "author": ["L'Obs"], "date_publi": "2010-04-30", "content": "Des Americaines, suivies par des femmes du monde entier, ont entrepris depuis le debut de la semaine de repondre, en arborant des decolletes provocants, a un dirigeant religieux iranien, selon qui le sexe serait fauteur de seismes. \"Beaucoup de femmes mal habillees (ne respectant pas la tenue islamique) corrompent les jeunes et l'augmentation des relations sexuelles illicites accroit le nombre des tremblements de terre\", avait affirme l'imam de la priere du vendredi de Teheran, l'ayatollah Sedighi, le 17 avril dans le quotidien iranien Aftab. \"La puissance surnaturelle des poitrines\" Reagissant a ces propos, Jennifer McCreight, une etudiante de l'Indiana qui se presente comme une blogueuse \"feministe, athee et perverse\", a appele via l'internet les femmes a revetir la tenue la plus affriolante possible pour tenter de provoquer un tremblement de terre lundi dernier. \"J'appelle les incroyantes a me rejoindre et a embrasser la soi-disant puissance surnaturelle de leur poitrine. Avec la force conjuguee de nos corps scandaleux, nous allons surement provoquer un tremblement de terre\", affirme celle qui a baptise l'experience \"Boobquake\", \"seisme des nichons\" en francais. Des milliers de video vues Depuis, le phenomene a envahi la toile. Plusieurs pages Facebook se sont creees pour relayer le mouvement et le mot-cle #boobquake continuait vendredi 30 avril d'alimenter les commentaires sur le site de micro-blogging Twitter. Les internautes poursuivent egalement le telechargement de videos montrant des femmes cadrant en gros plan leur poitrine ou en se mettant en scene en maillot de bain. (Nouvelobs avec AFP) L'Obs ", "theme": "Les internets"}