{"id_art": "b6e3b75e34eb08622d510f94879717a1", "title": "Inondations, neige, verglas : 8 departements en vigilance orange", "newspaper": "NouvelObservateur", "author": ["L'Obs avec AFP"], "date_publi": "2014-01-30", "content": "Meteo France a place jeudi 30 janvier cinq departements en alerte orange aux inondations : Finistere, Charente-Maritime, Gironde, Landes et Pyrenees-Atlantiques. Plus tot dans la journee, trois autres departements du Sud-Est l'etaient pour risque de neige et verglas : les Alpes-de-Haute-Provence, les Hautes-Alpes et les Alpes-Maritimes. Dans le Sud-Est, les precipitations sont actuellement moderees. La limite pluie-neige se situe entre 450 et 600 metres sur les Hautes-Alpes et les Alpes-de-Haute-Provence et entre 600 et 800 metres sur les Alpes-Maritimes. Au dessus de ces altitudes, les cumuls de neige atteignent generalement 2 a 10 cm, parfois 10 a 20 cm au dessus de 1.000 metres d'altitude. Les precipitations devraient rester moderees, jusqu'en premiere partie de nuit prochaine. L'Obs avec AFP Journaliste ", "theme": "Societe"}