{"id_art": "09da024643e3e467a62c6d4e8bb94463", "title": "Inondations : Paris confirme la mort d'un Francais en Inde", "newspaper": "NouvelObservateur", "author": ["L'Obs"], "date_publi": "2010-08-18", "content": "Une victime francaise des inondations au Ladakh (nord de l'Inde) a ete identifiee et une autre est en cours d'identification, a annonce mercredi 18 aout le ministere des Affaires etrangeres lors d'un point de presse. \"A ce stade, une victime a ete identifiee. Son corps devrait etre prochainement rapatrie en France\", a declare son porte-parole Bernard Valero, interroge sur le sort de trois trekkers, dont Henri Augareils, un guide de haute montagne experimente, portes disparus depuis le 8 aout au Ladakh et dont les autorites indiennes avaient deja annonce la mort. \"Un second corps a ete localise et est en cours d'identification, le troisieme fait toujours l'objet de recherches\", a-t-il ajoute. Le nom du Francais identifie par les equipes de recherche n'a pas ete revele a la demande de la famille, a-t-on precise au quai d'Orsay. Depuis le 8 aout, 544 Francais ont pu quitter Leh, a dit Bernard Valero. Les trois Francais etaient portes disparus pres du village de Sumda Chenmo, ou ils avaient ete apparemment surpris par une riviere sortie de son lit. \"Nous continuons a deconseiller formellement aux Francais de se rendre au Ladakh et au Zanskar, par avion, ou par tout autre moyen\", a ajoute Bernard Valero, alors que des touristes francais s'y rendent de nouveau. Les inondations, a la suite de pluies diluviennes, ont provoque la mort d'au moins 190 personnes au Ladakh, et quelque 400 etaient portees disparues. Les activites de trekking battent leur plein en aout dans cette region desertique ou la majorite du territoire depasse les 3.000 m d'altitude. (Nouvelobs.com) L'Obs ", "theme": "Monde"}