{"id_art": "909cdaa527858face224c104993a3cef", "title": "L'humour de \"Charlie Hebdo\" ne passe pas en Italie", "newspaper": "NouvelObservateur", "author": ["L'Obs"], "date_publi": "2016-09-05", "content": "L'humour de \"Charlie Hebdo\" ne passe plus en Italie depuis que l'hebdomadaire satirique a publie un dessin sur les victimes du tremblement de terre, qui a fait 300 morts dans le centre de la peninsule. On y voit deux victimes du seisme, ensanglantes avec la mention pour chacun \"penne sauce tomate\", \"penne gratinees\", et des personnes ecrases par des debris de leurs maisons sous le titre \"lasagnes\". Un dessin de Charlie Hebdo sur le seisme d'Amatrice choque l'Italie https://t.co/hRhG22Qitw pic.twitter.com/HNW3R6HRmD Aussitot, apres que l'indignation et la colere a gagne les reseaux sociaux, des responsables politiques italiens ont vivement reagi. Le ministre italien de la Justice, Andrea Orlando, d'abord : Le president du Senat, Pietro Grasso, de son cote a dit \"respecter la liberte de la satire, de l'ironie\", mais a ajoute : Les confreres italiens de \"Charlie Hebdo\" ne sont pas plus tendres. Mario Cardinal, directeur du mensuel satirique \"Vernacoliere\" estime : Il ajoute encore : La replique la plus cinglante est peut-etre venue du quotidien \"Il Tempo\", qui a repondu a la caricature par la caricature en publiant un dessin titre \"Tartare a la Parisienne\" ou l'on voit un djihadiste pulveriser a l'arme a feu la redaction de \"Charlie Hebdo\". Le bandeau de la vignette interroge : \"Chers Francais, un dessin comme celui-ci, vous aurait-elle fait rire ? La caricature est suivie d'un edito, titre \"Je suis Amatrice\", du nom de la ville la plus touchee par le seisme. La nostra prima pagina di oggi @Charlie_Hebdo_ #Amatrice pic.twitter.com/B7TwNNMVZW Interroge par la \"Repubblica\", l'ecrivain francais Daniel Pennac a defendu la liberte d'expression mais ne comprends pas l'objet du dessin : Pour autant, il appelle a ne pas remettre en cause le principe du \"Je suis Charlie\", \"expression devenue symbole de l'opposition totale et en termes sans equivoque a l'assassinat des journalistes et des dessinateurs.\" Repondant a la polemique, la dessinatrice Coco a fait un autre dessin dans lequel elle s'etonne : \"C'est pas Charlie Hebdo qui construit vos maisons, c'est la mafia\". Un dessin xenophobe, reac et pas drole : c'est bien Charlie Hebdo ! pic.twitter.com/WZWFIwZyDf L'affaire de la caricature est allee si loin que l'ambassade de France a Rome a du prendre ses distances avec \"Charlie Hebdo\" : \"Les opinions exprimees par les journalistes sont libres\" et \"le dessin de Charlie Hebdo ne represente en rien la position de la France\" S.D. L'Obs ", "theme": "Monde"}