{"id_art": "90a7f57b6fc6eba4fd755c2b72a81a15", "title": "Sandy fait tomber plusieurs sites internet", "newspaper": "NouvelObservateur", "author": ["L'Obs"], "date_publi": "2012-10-30", "content": "L'ouragan Sandy aura demontre au moins un point faible du web assez peu connu : la concentration, et la fragilite, des \"data centers\" qui ont cause la fermeture temporaire de plusieurs sites importants. Ce mardi matin, les internautes habitues a frequenter des sites americains de reference tels que les Huffington Post, Gizmodo, Gawker, BuzzFeed, DailyKos ou encore le site de diffusion de video en streaming LiveStream, ont en effet eu la surprise de ne pas pouvoir y acceder, ou alors de tomber sur des versions non actualisees. Une hecatombe due, selon le site Boing Boing, a la fois a la coupure de courant et aux inondations ayant frappe Manhattan ou se trouvent etre concentrees plusieurs entreprises possedant les serveurs stockant les donnees de tous ces sites. En effet, precise le site specialise Data Center Knowledge : Parmi les data centers touches, figure notamment Datagram, hebergeant un grand nombre de sites connus, tel l'ensemble du portail de Gawker. D'autres centres, de moindre importance, ont egalement ete touche dans le reste de la ville ou encore dans le New Jersey. Face a ces pannes techniques, qui se resolvaient peu a peu en cours de journees, les sites ont tente de mettre en place divers parages, par exemple comme Buzzfeed en publiant ses articles sur un Tumblr ou encore sur Facebook, comme la version francaise du Huffington Post qui, partageant les memes serveurs que sa maison mere, etait lui aussi indispensable mardi matin. L'Obs ", "theme": "Les internets"}