{"id_art": "14158260f210ab2d02ddd5ef9ac936b5", "title": "Lourdes reveillee par un seisme", "newspaper": "NouvelObservateur", "author": ["L'Obs avec AFP"], "date_publi": "2014-04-29", "content": "Un seisme modere s'est produit dans la matinee de mardi 29 avril dans la region de Lourdes, dans les Hautes-Pyrenees, sans faire ni victimes ni degats, a-t-on appris aupres du Bureau central sismologique francais (BCSF) et des pompiers et gendarmes du departement. Le seisme, de magnitude 4,7 sur l'echelle ouverte de Richter, s'est produit a 9h03, a environ cinq kilometres au sud-est de Lourdes, a precise le BCSF. Il y a \"des seismes reguliers dans cette zone\" situee sur \"la faille nord-pyreneenne\", a ajoute le BCSF. Le tremblement de terre est du a la \"compression de la plaque africaine sur la plaque eurasienne\". Le BCSF, dont le siege est a Strasbourg, s'appuie sur deux reseaux de surveillance sismique en France et est charge de diffuser l'information sur les seismes tout en evaluant la severite des secousses au sol. Il n'y a pas eu de degats ou de blesses dans l'immediat, d'apres les pompiers et les gendarmes. Les pompiers devaient cependant partir en reconnaissance sur le terrain pour verifier. Le tremblement de terre a ete ressenti en Haute-Garonne voisine, dans le secteur de Luchon. Il a egalement ete ressenti dans les Pyrenees-Atlantiques, selon les temoignages recueillis par le BCSF. Les Hautes-Pyrenees sont, avec les departements des Alpes, les zones de France metropolitaine ou l'activite sismique est la plus forte. L'Obs avec AFP Journaliste ", "theme": "Societe"}