{"id_art": "030438e45e2d279b8202b07cd7c6b4a2", "title": "Noumea sous la menace de la depression tropicale forte Vania", "newspaper": "NouvelObservateur", "author": ["L'Obs"], "date_publi": "2011-01-14", "content": "La ville de Noumea a ete placee vendredi 14 janvier en alerte cyclonique rouge, maximale, en raison de la menace de la depression tropicale forte Vania, alors qu'un seisme de magnitude 7,3 s'est produit au large des iles Loyaute, a-t-on appris aupres des autorites.Outre la capitale de cet archipel du Pacifique sud, l'ile de Mare, l'ile des Pins, Thio, Yate, Canala, Dumbea, Paita et Mont-Dore sont egalement en alerte rouge depuis vendredi 10h30 locales, ce qui implique que la population reste confinee a l'interieur des maisons et des abris, a indique le haut-commissariat en Nouvelle-Caledonie. Des rafales a 150 km/h Selon Meteo France, Vania, qui genere des vents de 100 km/h avec des rafales a 150 km/h, est passee la nuit derniere sur l'ile de Lifou et accelere sa trajectoire plein sud.Le seisme d'une magnitude de 7,3 sur l'echelle de Richter s'est produit a 3h16 dans la nuit de jeudi a vendredi, au large des iles Loyaute (Lifou, Mare, Ouvea, Tiga), a 7,2 km de profondeur.\"Le seisme a ete tres nettement ressenti, et il y a eu une evacuation spontanee de la population par crainte d'un tsunami, dans des conditions difficiles compte tenu de Vania\", a declare a l'AFP, Michel Crechet, sous-prefet aux Loyaute. Sur la ceinture de feu Il a cependant precise que personne n'avait ete blesse, lors de cette rare concomitance de phenomenes naturels.Les iles Loyaute sont situees sur la ceinture de feu du Pacifique, ou le deplacement des plaques de l'ecorce terrestre provoque tremblements de terre et activite volcanique.Selon une premiere evaluation, les degats concernent des habitations legeres ainsi que des arbres et des branchages sur les routes et des coupures d'electricite.A Noumea, plusieurs centres d'hebergement ont ete ouverts a l'attention des habitants des squats (bidonvilles), a la peripherie de la capitale. (Nouvelobs.com avec AFP) L'Obs ", "theme": "Planete"}