{"id_art": "90987f356812551722b20c6f18647de2", "title": "Chomage : Pierre Gattaz decrete \"l'etat d'urgence economique\"", "newspaper": "NouvelObservateur", "author": ["Denis Demonpion"], "date_publi": "2015-12-15", "content": " La France \"va mal\". Dixit Pierre Gattaz. Brossant, mardi 15 decembre, un tableau apocalyptique de la situation economique et sociale du pays, le president du Mouvement des entreprises de France (Medef) a appele le gouvernement, les partenaires sociaux et l'ensemble des partis politiques - Front national et Front de Gauche compris - a decreter \"l'etat d'urgence economique\", afin de traiter le chomage endemique. Le constat du patron des patrons est simple : trois \"recents seismes\" ont secoue la France ces dernieres semaines : les attentats du 13 novembre, l'explosion du chomage en octobre (+42.000) et la progression fulgurante du FN aux elections regionales. Dans ce paysage devaste, \"l'entreprise a un role fondamentale a jouer\", a declare Pierre Gattaz, qui considere que le chomage, un veritable \"fleau\", fait \"le lit de la radicalisation\" islamique. Aussi preconise-t-il de remettre la France au travail de maniere \"musclee\". Et dans cette perspective, Son plan est pret. Il comprend une partie a tres court terme qui, a l'en croire, permettrait de relancer la machine des le premier trimestre 2016 et de faire baisser le nombre de chomeurs, qui representent 10,25 % de la population active, 25% chez les jeunes de moins de 25 ans et \"50 a 60% dans certaines banlieues\", a-t-il precise. Une perspective seduisante a moins de 18 mois de l'election presidentielle, surtout pour d'eventuels candidats en panne d'imagination et de programme economique. Le Medef a donc degaine un \"plan d'urgence d'embauche\" dont la mise en oeuvre sera subordonnee, il fallait s'y attendre, a ses conditions. Ce n'est pas la premiere fois que le president du Medef entonne un tel discours. Il l'avait deja fait au lendemain des attentats djihadistes de janvier contre \"Charlie Hebdo\" et l'Hyper Cacher de Vincennes. Le triptyque patronal est connu, qui repose sur le retour de la confiance afin que les entreprises embauchent, le developpement de la formation initiale et continue ainsi que de l'apprentissage, et enfin \"l'agilite\" tous azimuts, un nouveau vocable dans la bouche de Pierre Gattaz, plus habitue a parler de mobilite et de flexibilite. Cette fois, le patron des patrons a assorti son expose de trois mesures concretes et detaillees. Ce qu'il appelle, dans son langage fleuri, un \"bouquet de solutions\". Intitulee \"zero charge pour un premier emploi\", la premiere de ces mesures porte sur une exoneration totale des charges sociales et fiscales des entreprises de moins de 250 personnes, sur toute nouvelle embauche pendant deux ans. Voire trois. Le patron du Medef reve de l'appliquer selon un systeme en accordeon, car passee cette phase, une montee en puissance serait possible, avant la mise en oeuvre d'une \"degressivite\" pour les seniors. \"L'agilite\" a present. Presentee par le Medef comme un moyen de \"securiser les CDI\", elle n'est autre que l'exigence d'un plafonnement des indemnites de licenciement devant les prud'hommes, une disposition phare de la loi Macron pour \"la croissance, l'activite et l'egalite des changes\", mais que le Conseil constitutionnel a invalide. Pierre Gattaz est formel : les patrons, ceux qui sont a la tete des petites et moyennes entreprises en particulier, ont \"peur d'embaucher\" en raison des \"difficultes a licencier\". Il faut donc \"revoir les clauses de rupture\" des contrats de travail, avoir plus de \"visibilite\". Halte aux decrocheurs. Ils sont ainsi 150.000 jeunes a etre ainsi descolarises et sans formation. Pierre Gattaz, qui avait rendez-vous mardi soir avec la ministre de l'Education nationale, Najat Vallaud-Belkacem, jure que les entreprises sont disposees a les remettre dans le circuit. Sous conditions : que le CDD de 18 mois, renouvelable deux fois actuellement, soit assoupli. \"Il pourrait etre de trois ans\", propose-t-il. Que les contrats de professionnalisation soient generalises et pas remuneres avec un Smic total mais un \"Smic intermediaire\". Quant a l'apprentissage, un secteur relance par l'ancien ministre du Travail, Francois Rebsamen, et qui peine encore a trouver son rythme de croisiere, malgre les degrevements et autres avantages offerts aux entreprises, il faut en accelerer le processus. Il y a actuellement 250.000 apprentis. Pierre Gattaz en voudrait un million. Soit autant que les promesses d'embauche sur cinq ans qu'il avait annoncees urbi et orbi, le pin's a la boutonniere, en septembre 2014. Le patron du Medef entend soumettre ses propositions aux membres du gouvernement, aux futurs presidents des regions, aux responsables politiques, la presidente du FN compris dont il avait critique le programme economique avant les elections regionales, et bien sur a l'ensemble des partenaires sociaux. Il s'amuse d'avance des contre-propositions qui lui seront faites, s'il y en a. Car, Pierre Gattaz est sur de son fait : Denis Demonpion Denis Demonpion Journaliste ", "theme": "Economie"}