{"id_art": "01e20ebd02081629ae9e9fdcaac2db4c", "title": "GRECE. Fort seisme de magnitude 6,1 sur l'ile de Cephalonie", "newspaper": "NouvelObservateur", "author": ["L'Obs avec AFP"], "date_publi": "2014-02-03", "content": "Un fort seisme de magnitude 6,1 a ete ressenti tot lundi 3 fevrier au matin sur l'ile grecque de Cephalonie, en mer Ionienne (ouest), a annonce l'institut americain de geophysique (USGS). L'epicentre de la secousse, enregistree a 5h08 locales, se situait a 12 kilometres de la ville de Lixourion, a 300 km a l'ouest d'Athenes, a precise l'USGS. Aucun degat ni victime n'a encore ete rapporte sur cette ile de 35.000 habitants. La Grece est l'un des pays d'Europe le plus souvent touche par des secousses telluriques. Cephalonie avait deja ete frappee le 26 janvier par un seisme de magnitude 5,8 qui avait endommage nombre de routes et de batiments. Elle avait ete placee en etat d'urgence et de nombreuses repliques ont ete enregistrees depuis une semaine. En 1953, un seisme meurtrier de magnitude 7,2 avait tue environ 450 personnes et detruit une grande partie de l'ile ainsi que Zante, une ile proche. L'Obs avec AFP Journaliste ", "theme": "Monde"}