{"id_art": "5ac48570426d783c417e88a427bb4bcb", "title": "Sotchi, \"Liberation\", accident de train... Le week-end en 5 photos", "newspaper": "NouvelObservateur", "author": ["L'Obs"], "date_publi": "2014-02-09", "content": " La moisson de medailles des Francais demarre mal. Martin Fourcade, qui faisait figure de favori pour l'epreuve du Sprint du biathlon, a rate un tir et fini a la 6e place samedi. Pas de medaille non plus en descente ce dimanche matin pour l'equipe de France. L'epreuve reine des JO a ete remportee par l'Autrichien Matthias Mayer. Le compteur reste bloque a 0. \"Le journal, c'est notre arme.\" Les salaries de \"Liberation\", reunis en assemblee generale dimanche, deux jours apres l'annonce par les actionnaires d'un projet visant notamment a transformer le siege du journal en \"espace culturel\", n'ont pas vote une nouvelle greve. A l'inverse, ils preferent informer les lecteurs de l'evolution de la situation. Un rocher \"tombe du ciel\" a percute un train samedi, pres de la ville d'Annot, dans les Alpes-de-Haute-Provence. A la suite de l'impact, la partie avant du train a plonge dans un ravin. L'accident, impressionnant, a fait deux morts et neuf blesses. Selon les premiers resultats, les Suisses ont vote \"oui\" dimanche a la limitation de l'immigration \"de masse\". La Suisse devrait donc retablir des quotas et contingents selon ses besoins pour les immigres. Bruxelles a d'ores et deja indique que si la Suisse met fin a l'accord de libre-circulation, tous les autres accords liant Berne a l'UE seraient denonces ipso-facto... Tempete apres tempete, Meteo France a de nouveau place quatre departements en alerte rouge inondation samedi (le Finistere, l'Ille-et-Vilaine, le Morbihan, et la Loire-Atlantique). Dimanche, l'alerte a ete levee pour le Finistere et la decrue des cours d'eau bretons, lente, s'est amorcee. Elle se poursuivra lundi. L'Obs ", "theme": "Societe"}