{"id_art": "f4d4157303af377da147bd6e4faac792", "title": "Nouvelles delimitations des zones de sismicite francaises", "newspaper": "NouvelObservateur", "author": ["L'Obs"], "date_publi": "2012-06-27", "content": "Les Francais l'oublient souvent, mais notre territoire n'est pas exempt de tout risque en matiere de tremblements de terre. D'ailleurs, lors de la vente d'un bien immobilier, le dossier de diagnostic technique, qui regroupe tous les diagnostics immobiliers obligatoires, comporte un etat des risques naturels et technologiques. Par naturel, il faut donc notamment entendre les risques de sismicite. Dans le cadre de la prevention du risque sismique, deux decrets sont parus au Journal officiel du 24 octobre 2010.A partir du 1er mai 2011, le territoire national sera divise en 5 zones de sismicite : les communes seront reparties entre la zone de sismicite 1 (tres faible), la zone de sismicite 2 (faible), la zone de sismicite 3 (moderee), la zone de sismicite 4 (moyenne) et la zone de sismicite 5 (forte). 19 departements sont classes en zone de sismicite moyenne suivants : Ain, Alpes-de-Haute-Provence, Hautes-Alpes, Alpes-Maritimes, Ariege, Bouches-du-Rhone, Doubs, Drome, Haute-Garonne, Isere, Pyrenees-Atlantiques, Hautes-Pyrenees, Pyrenees-Orientales, Haut-Rhin, Savoie, Haute-Savoie, Var, Vaucluse et Territoire de Belfort. Les territoires de la Guadeloupe, de la Martinique et de Saint-Martin sont classes en zone de sismicite forte.Ces decrets concernent plus particulierement les batiments, equipements et installations appartenant a la classe dite << a risque normal >>, c'est-a-dire pour lesquels << les consequences d'un seisme demeurent circonscrites a leurs occupants et a leur voisinage immediat >>. Un arrete publie au Journal officiel du meme jour definit par ailleurs les nouvelles regles de construction parasismique applicables a ce type de batiments.V.G. L'Obs ", "theme": "Marche Immobilier"}