{"id_art": "a7afa8e1c02d1ba658d56a40c9e51eee", "title": "Fort seisme de magnitude 6,5 au Vanuatu ", "newspaper": "NouvelObservateur", "author": ["L'Obs"], "date_publi": "2011-03-17", "content": "Un fort seisme, de magnitude 6,5, s'est produit jeudi 17 mars au large de l'archipel du Vanuatu dans le Pacifique, a annonce l'Institut de geophysique americain (USGS), mais aucune alerte etendue au tsunami n'a ete emise.Le centre pour les tsunami du Pacifique a cependant prevenu que le seisme avait le potentiel pour provoquer un tsunami localise et a appele les autorites locales a la vigilance.\"Aucun risque de tsunami etendu et destructeur n'existe, si l'on s'en tient aux donnees historiques. Cependant, des seismes de cette taille peuvent parfois provoquer des tsunami localement qui peuvent etre destructeurs le long des cotes, dans un rayon de 100 km autour de l'epicentre\", selon le bulletin. Le seisme a eu lieu a 13h48 locales (3h48 heure francaise) a 77 km au nord-ouest de la capitale Port Vila, a une profondeur de 26,6 km, selon l'USGS.Aucun degat n'a ete rapporte dans l'immediat.Le Vanuatu est situe sur la ceinture de feu du Pacifique, ou le deplacement des plaques de l'ecorce terrestre provoque seismes et activite volcanique.L'archipel est regulierement secoue par des tremblements de terre.Vendredi, un puissant de seisme de magnitude 9 a frappe le Japon, suivi d'un raz de maree devastateur. Nouvelobs.com avec AFP L'Obs ", "theme": "Planete"}