{"id_art": "b7bf298fe003d5539404705c7c33d8f7", "title": "Seisme : l'axe de la terre s'est deplace de 10 cm ", "newspaper": "NouvelObservateur", "author": ["L'Obs"], "date_publi": "2011-03-12", "content": "Le seisme au Japon aurait deplace de pres de 10 cm l'axe de rotation de la Terre, a indique l'institut italien de geophysique et de vulcanologie vendredi 11 mars, quelques heures apres la catastrophe qui a fait pres de 1.000 morts selon une agence de presse japonaise. \"Des resultats preliminaires d'etudes effectuees par l'Institut national italien de geophysique et de vulcanologie (INGV) indiquent que le seisme du Japon aurait deplace l'axe de rotation de la terre de pres de 10 cm\", a indique le directeur de recherche Antonio Piersanti dans un communique publie sur le site de l'institut. Ce mouvement \"est beaucoup plus important que celui du grand tremblement de terre de Sumatra de 2004 et probablement juste derriere celui du Chili de 1960\", a ajoute Antonio Piersanti. L'Agence spatiale italienne etait pour sa part plus reservee, estimant qu'il fallait recueillir de nombreuses autres donnees avant d'etablir la mesure exacte du mouvement, a rapporte l'agence Ansa. La modification de l'axe terrestre peut avoir des repercussions sur la duree du jour solaire mais il s'agit de changements minimes et imperceptibles, de l'ordre de quelques millioniemes de seconde. Le tres violent seisme et le tsunami qui ont touche vendredi le Nord-Est du Japon ont probablement tue plus de 1.000 personnes, selon l'agence de presse Kyodo. Le bilan s'alourdit de minute en minute et, selon un bilan provisoire de la police etabli plus de 13 heures apres la secousse, il etait d'au moins 378 morts, 584 disparus et environ 950 blesses. Nouvelobs.com avec AFP L'Obs ", "theme": "Planete"}