{"id_art": "523e824b9f10ec125dddcd99f556ce56", "title": "Meteo : Soleil de plomb et... inondations ce lundi", "newspaper": "NouvelObservateur", "author": ["L'Obs"], "date_publi": "2013-07-22", "content": "La chaleur s'est encore renforcee lundi 22 juillet en France, sans atteindre des niveaux justifiant une vigilance rouge ni entrainer une affluence dans les hopitaux, mais amenant son lot de ventilateurs, baignades impromptues et appels a la vigilance et a la solidarite autour des plus fragiles. 33 degres a Bordeaux, a Toulouse et en Alsace, 35 degres en Auvergne, 34 degres a Paris... : dans le sillage d'un week-end deja tres chaud, les temperatures ont continue a depasser allegrement les 30deg lundi, faisant de cette journee la plus chaude depuis le debut du mois de juillet, selon Meteo France. La nuit devrait osciller entre 15 et 25 degres. Meteo France a ainsi place le Rhone de meme que Paris et sa petite couronne en \"vigilance jaune canicule\", invitant les personnes fragiles et malades, les plus ages et les jeunes enfants a la prudence et recommandant d'eviter les efforts aux heures les plus chaudes. Selon la ministre de la Sante, Marisol Touraine, ces temperatures elevees n'ont toutefois pas entraine un pic de frequentation dans les hopitaux. La ministre a appele a la vigilance vis-a-vis des personnes fragiles mais aussi des travailleurs du batiment. La reglementation oblige les entreprises a leur fournir de l'eau, a les munir d'un couvre-chef, de lunettes de soleil et de gants et a leur eviter de travailler torse nu, explique Patrick Liebus, president de la Confederation de l'artisanat et des petites entreprises du batiment. En visite lundi dans une maison de retraite de Merignac (Gironde), la ministre deleguee aux Personnes agees Michele Delaunay s'est, elle, voulue rassurante, assurant que son ministere n'avait recu \"aucune alerte facheuse dans les deux ou trois derniers jours\". Dix ans apres la traumatisante canicule de l'ete 2003, qui avait cause la mort de 15.000 personnes en France, Michele Delaunay a estime que \"nos structures d'alerte et nos dispositifs de reaction sont bien rodes\", meme si \"l'identification des personnes fragiles ou vulnerables\" reste un point \"a ameliorer\". Elle a aussi a lance un appel a la \"solidarite\" et a la \"vigilance de proximite\". Exemple de cette solidarite : a Schiltigheim (Bas-Rhin), dans la banlieue de Strasbourg, des etudiants \"porteurs d'eau\", specialement embauches pour l'ete, acheminent quotidiennement eau et sirop aux residents d'une maison de retraite. Point d'orgue d'un mois de juillet tres ensoleille apres un printemps \"pourri\", ces pics de temperature sont les bienvenus pour certains commercants : ca \"fait du bien aux affaires, apres des mois de mai et juin assez mediocres\", s'est rejoui Arnaud Hengbart, patron du glacier Vanille-Fraise, sur la plage de Berck-sur-Mer (Pas-de-Calais). Mais, si elle sauve la saison, la canicule ne compense pas entierement la baisse de frequentation due, semble-t-il, a la crise economique: \"Les gens font visiblement attention et en nocturne, chaleur ou pas, la frequentation est plus basse que d'habitude\", a-t-il releve. Autre exemple des effets benefiques du soleil sur l'economie : les donnees recueillies par l'Institut Climpact Metnext montrent que la chaleur de la semaine passee a fait exploser les ventes d'insecticides (+55,7%), de concentres pour boissons ou de glaces. Des tendances qui devraient se poursuivre dans la premiere partie de cette semaine ou l'on s'attend, par exemple, a une progression de 30,6% des ventes d'insecticides, de 22,9% des concentres pour boissons ou de 20,3% des sorbets. De leur cote, les agriculteurs ne prevoient pas de consequences nefastes sur les recoltes, la chaleur dopant au contraire les ventes de fruits et legumes d'ete, apres un debut de saison poussif. La Federation des producteurs de lait note toutefois que la canicule pese sur les rendements des elevages, les vaches produisant 10 a 20% de lait en moins que d'habitude. A Bordeaux, les brumisateurs du miroir d'eau, sorte de grande dalle installee en bordure de Garonne, restent un refuge de fraicheur pour petits et grands. Sous un soleil de plomb, Ines, 5 ans, y gambade en maillot deux-pieces, sous le regard de son pere, Benoit Hillion : \"C'est la folie, il n'y a pas d'air\", souffle ce Nantais de 34 ans, qui compte ensuite emmener sa famille dans un parc pour enfants climatise... et a l'ombre. Mais si une bonne partie de l'hexagone est restee sous le soleil ce lundi, certains n'ont pas eu la meme chance : a Caen (Basse-Normandie) un violent orage s'est abattu cet apres-midi. Consequence, de nombreuses rues ont ete inondees et des automobilistes ont ete pris au piege. (Avec AFP) L'Obs ", "theme": "Societe"}