{"id_art": "b0d667e863bdf66173b395bc946f2be9", "title": "SICILE. Eruption de l'Etna, l'aeroport de Catane est ferme", "newspaper": "NouvelObservateur", "author": ["L'Obs avec AFP"], "date_publi": "2013-12-16", "content": " L'eruption de l'Etna en Sicile a entraine la fermeture de l'aeroport de Catane, situe a proximite, en raison des panaches de cendres s'elevant dans le ciel, a-t-on annonce dimanche 15 decembre de source aeroportuaire. 22 vols programmes au depart de Catane ont ete annules et 26 vols prevus a l'arrivee diriges vers d'autres destinations. L'aeroport de Comiso, situe dans la meme region, a egalement ete ferme. La compagnie Sac, qui gere l'aeroport, a explique dans un communique que \"la direction et l'intensite du vent\" montraient que les cendres presentaient un risque pour les vols et qu'elle avait pour cette raison ferme son espace aerien. La compagnie a indique qu'elle ferait une nouvelle analyse de la situation lundi. Les eruptions de l'Etna, un volcan actif, sont frequentes, mais la derniere, qui a commence samedi, est la plus intense depuis des mois. La lave qui a coule sur un versant du volcan est visible depuis Catane et Taormine, ville historique et station balneaire prisee. Trois petits seismes ont ete enregistres autour du volcan dimanche. L'Obs avec AFP Journaliste ", "theme": "Monde"}