{"id_art": "773ccc2d508115dc40dde63e17d486e7", "title": "Le Pen a l'Elysee, Dupont-Aignan a Matignon : a quoi ressembleraient leurs 100 premiers jours", "newspaper": "NouvelObservateur", "author": ["Marie Guichoux"], "date_publi": "2017-03-15", "content": "Marine Le Pen revisse lentement le reservoir de sa cigarette electronique, le sent tiedir dans sa paume alors qu'elle exhale une longue bouffee de vapeur. Elle n'entend rien de l'excitation qui l'entoure. Des images lui reviennent comme des flashs, des visages anciens surgissent de sa memoire. Celui de l'enseignant a Assas qui lui fit etudier, en travaux diriges, un arret rendu en 1973 condamnant Le Pen pour \"apologie de crime de guerre\", a cause d'un disque publie par la Serp. Ce pretre au regard noir, refusant de la saluer au motif qu'on ne peut etre bonne catholique et fille de Jean-Marie. Ces interviewers de renom, baudruches gonflees a l'helium de la bien-pensance, suintant le degout a son endroit... La voix de Louis Aliot fait fuir ces fantomes : Son \"Loulou\", le seul a connaitre ses demons, sait apres quoi elle court depuis toujours. Cette victoire est sa reparation. A 20 heures, le visage de la candidate du Front national s'affiche sur tous les ecrans du pays. Une courte majorite de Francais lui ont fait confiance pour \"remettre la France en ordre en cinq ans\". De l'ordre, ils vont en avoir. Magistrats, hauts fonctionnaires, journalistes vont valser maintenant. Elle en rit en son for interieur, cela viendra, patience. Corsaire dans l'ame, elle trancherait bien des tetes sans attendre, mais on la tr Marie Guichoux Journaliste ", "theme": "Presidentielle 2017"}