{"id_art": "f5341f512956dd93f29aadd229dbacf1", "title": "Road trip chez les electeurs de Trump : \"Il faut qu'il la ferme\"", "newspaper": "NouvelObservateur", "author": ["Philippe Boulet-Gercourt"], "date_publi": "2017-10-28", "content": "Il y a, tout au bord de ce lac Superieur, le pont sureleve de l'autoroute, le silo a grains fantome, l'entrepot abandonne... Assaisonnez le tout d'une pluie froide et vous voila pret a entonner la rengaine de l'Amerique-blanche-en-crise-ayant-vote-Trump. La bande-son est calee : misere, misere ! Et voila que de l'entrepot sort un couple en sweat-shirt et t-shirt de chantier jaune fluo : nos premiers electeurs de Trump. Mitch et Michelle Holmes ne font pas la gueule, au contraire, ils sont en train de transformer leur entrepot de fond en comble. \"Le batiment date de 1890\", raconte Michelle, \"il a ete successivement une boulangerie, une scierie, un atelier automobile puis, jusqu'a il y a deux mois, une poissonnerie industrielle\". Demain ? \"Une ruche de start-up.\" On repassera pour le cliche larmoyant... A la tete d'une petite dizaine de salaries, nos deux \"Trumpkins\" de l'immobilier ont la peche. Ils ne regrettent pas une seconde d'avoir vote pour leur candidat, meme s'ils trouvent qu'il \"parle trop souvent sans reflechir\" et qu'il \"devrait apprendre a se taire\". Trump les seduit comme au premier jour et pour les memes raisons : \"Au lycee, vous decouvrez des profs qui ne parlent pas comme vous\", dit Michelle. \"Les politiciens emploient les memes mots. Mais pas lui.\" Les mauvais sondages, l'impopularite ? \"C'etait pareil avant l'election\", balaie Mitch. \"On a vu ce que cela a donne le jour du vote.\" \"S'il y a bien un endroit ou nous avons ete pris par surprise, c'est le Wisconsin. Les sondages nous avaient donne une avance confortable jusqu'a la fin\", a reconnu Hillary Clinton. Meme Shelley Nelson, redactrice en chef du quotidien local \"Superior Telegram\", avoue s'etre plantee : A Crandon, a 330 kilometres plus a l'est, c'est encore plus vrai. Ce petit bled est le chef-lieu du comte du Wisconsin qui a connu le retournement le plus spectaculaire, passant d'un avantage Obama de 5 points en 2012 a une victoire de Trump avec un ecart de... 27 points ! Crandon, avec des centaines d'autres communes rurales du Midwest, a litteralement fait basculer l'Amerique dans la colonne Trump. Coincidence ? \"Nous sommes le deuxieme comte le plus pauvre de l'Etat\", indique Jeremy Childers, occupe dans son garage a bichonner les motos et snowmobiles de competition de son fils. Mais il pourrait tout aussi bien voter pour un democrate la prochaine fois. \"J'ai horreur de voir les riches ne pas payer d'impots\", dit-il, \"il faut trouver un juste milieu\". Jeremy, en fait, appartient a cette enorme masse d'Americains qui regarde d'un oeil amorphe la politique, une fois tous les quatre ans. Le reste du temps, explique-t-il, \"on est trop occupe a survivre\". Face a la Coree du Nord et a son leader Kim Jong-un, Jeremy estime quand meme que Trump pourrait etre \"un peu plus ferme\". Mais a deux blocs de la, c'est justement l'escalade verbale entre Kim et Trump qui inquiete Kathy et Gordy Rupert, un couple de retraites venu deguster sa glace favorite a Eats-N-Treats. \"Trump parle sans filtre, malheureusement. Quand il s'agit d'un dossier comme la Coree, cela me pose probleme\", dit Kathy. Mais ses critiques les plus virulentes, elle les reserve tout de meme aux medias : Notre premier electeur decu, nous le denichons dans l'endroit le plus anime du village, tout au bout du bar du Pack Em Inn. Il y a foule, ce soir-la, et Jack Jenson se sent un peu seul face a ses copains trumpistes, dont un fils de policier tres remonte contre \"le negre\" Obama. \"J'ai vote deux fois pour Obama\", raconte cet ancien militaire. Leger flottement autour de lui. Dans un grand sourire, Jack propose un bras de fer a son voisin. De notre correspondant aux Etats-Unis Philippe Boulet-Gercourt Philippe Boulet-Gercourt Journaliste ", "theme": "L'Amerique selon Trump"}