{"id_art": "4fd55c6d8a82949b9583468fb33781d4", "title": "Seisme de magnitude 7,1 dans le sud du Mexique", "newspaper": "NouvelObservateur", "author": ["L'Obs avec AFP"], "date_publi": "2014-07-07", "content": "Un seisme de magnitude 7,1 a frappe tot lundi 7 juillet au matin l'Etat mexicain du Chiapas, pres de la cote Pacifique, a annonce l'Institut d'etudes geologiques des Etats-Unis (USGC). L'epicentre du tremblement de terre survenu a une profondeur de 92 km etait situe dans les terres, a proximite de la frontiere du Guatemala et a 8 km de la cote. L'Obs avec AFP Journaliste ", "theme": "Monde"}