{"id_art": "46f34cfbce33a05084fb8b253b231b32", "title": "Apres Florange, ArcelorMittal cree un seisme en Belgique", "newspaper": "NouvelObservateur", "author": ["L'Obs avec AFP"], "date_publi": "2013-01-24", "content": "Le siderurgiste ArcelorMittal a provoque un seisme en Belgique en annoncant jeudi 24 janvier la fermeture definitive de six installations de transformation et finition de l'acier (\"phase a froid\") dans la region de Liege (est), qui affecteront 1.300 personnes. \"Je crois qu'on est mort\", \"c'est foutu\", \"j'ai envie de mettre des gifles mais je me retiens\": a la sortie d'un comite d'entreprise extraordinaire convoque dans la matinee par la direction, les \"metallos\" liegeois ne cachaient pas leur colere. Mais ils semblaient surtout sous le choc de l'annonce, qui concerne les 2/3 des 2.200 salaries de la phase a froid liegeoise, sans compter des milliers d'emplois indirects dans la region. Sous un ciel plombe, ils ont brule des pneus et des palettes de bois devant le siege de leur direction, sans provoquer d'incidents. Les syndicats ont immediatement appele a une greve generale sur les derniers sites encore ouverts du numero un mondial de l'acier a Liege. Ils craignent a present la disparition totale, \"comme pour les charbonnages\", de la siderurgie dans le bassin liegeois, ou les premiers hauts-fourneaux ont vu le jour au XVIIIe siecle, a explique un responsable syndical, Daniel Camerini. Apres cette restructuration, il ne devrait rester que quelque 800 \"metallos\" dans la region, alors qu'a son epoque doree d'avant le choc petrolier des annees 1970, la siderurgie liegeoise employait plus de 40.000 personnes et qu'elle en comptait encore 5.000 en 2005. Le Premier ministre federal Elio Di Rupo devait faire part au PDG d'ArcelorMittal, Lakshmi Mittal, de l'\"incomprehension des autorites belges\", lors d'une rencontre prevue dans l'apres-midi en marge du Forum economique mondial (WEF) de Davos, en Suisse. \"Nous soutenons les travailleurs et leurs familles. Les travailleurs et les autorites ont deja fait beaucoup d'efforts pour maintenir l'activite d'ArcelorMittal dans notre pays\", a-t-il explique. Face a cette crise, qui intervient quelques mois apres l'annonce de la fermeture en 2014 de l'usine Ford de Genk, en Flandre, ou 10.000 emplois directs et indirects vont etre supprimes, Elio Di Rupo a annule un voyage prevu au Chili pour rentrer en Belgique. La stupeur est d'autant plus grande que le geant de l'acier, qui avait deja annonce en octobre 2011 la fermeture de sa \"phase a chaud\" liegeoise, avec a la clef la perte de pres de 800 emplois directs, s'etait engage en novembre a investir 138 millions d'euros dans la phase a froid, un investissement qu'elle qualifiait a l'epoque de \"strategique\". \"Malheureusement, les perspectives economiques se sont deteriorees davantage\", affirme-t-il a present, en pointant notamment les restructurations de ses clients du secteur automobile, parmi lesquels figure justement Ford Genk. Le siderurgiste a donc \"l'intention d'arreter definitivement\" un laminoir a chaud, un laminage a froid, deux lignes de galvanisation et deux lignes d'electrozingage. \"Nous reconnaissons que cette annonce est tres difficile pour les membres du personnel de Liege\", a commente Bernard Dehut, le PDG d'ArcelorMittal Liege. Les organisations syndicales, qui reclament une \"nationalisation\" des outils d'ArcelorMittal pour relancer une siderurgie integree (chaud + froid) a Liege, se tournent a present vers le gouvernement wallon, qui pilote la politique economique dans la region francophone du sud du pays et qui est par ailleurs actionnaire minoritaire de la multinationale. Fustigeant le \"cynisme et la lachete des dirigeants d'Arcelor\", le chef du Parti socialiste (PS), Paul Magnette, a appele \"l'ensemble des responsables politiques et des forces vives a unir leurs forces pour permettre une reprise totale ou partielle des activites par un autre operateur industriel, avec, le cas echeant, l'appui et l'engagement de la Wallonie\". L'exemple du site d'ArcelorMittal de Florange, en France, ou une nationalisation a ete envisagee avant d'etre retoquee fin novembre par le gouvernement du socialiste Jean-Marc Ayrault, et ou aucun repreneur prive n'a ete trouve, demontre toutefois les difficultes auxquelles seront confrontees les autorites belges pour relancer l'activite. L'Obs avec AFP Journaliste ", "theme": "Social"}