{"id_art": "40d8ee7e49b8b86d7c681b007aeb8889", "title": "BIRMANIE. 30.000 deplaces et 3 morts apres des inondations", "newspaper": "NouvelObservateur", "author": ["L'Obs avec AFP"], "date_publi": "2013-08-02", "content": "Les inondations qui frappent l'est de la Birmanie depuis plusieurs jours ont tue trois personnes et force des dizaines de milliers d'habitants a fuir, a indique la presse officielle vendredi 2 aout, mettant en garde contre de nouvelles pluies. L'Etat Karen, a la frontiere avec la Thailande, est le plus touche, avec pres de 33.500 personnes evacuees, hebergees dans 79 camps, a precise le quotidien \"New Light of Myanmar\", evoquant la mort de trois personnes et la disparition d'une quatrieme. Dans l'Etat Mon, plus de 4.500 personnes ont ete evacuees dans 34 camps, a ajoute le journal. Mais \"alors que l'eau a commence a se retirer\", certaines ont commence a rentrer chez eux. Les glissements de terrain ont egalement endommage des routes et 245 ecoles ont ete fermees. Certaines regions de Birmanie sont touchees chaque annee par des inondations pendant la mousson. \"New Light of Myanmar\" a prevenu que les inondations pourraient se poursuivre dans ces deux Etats et toucher dans les prochains jours d'autres regions du pays, notamment le delta de l'Irrawaddy, en raison de precipitations plus elevees que la normale. \"Les gens vivant pres des rivieres doivent prendre des mesures preventives contre les inondations\", a souligne le journal dans un editorial, mettant en garde contre \"les dangers de chocs electriques, serpents, glissements de terrain, et chutes d'arbres\". L'Obs avec AFP Journaliste ", "theme": "Monde"}