{"id_art": "80bf1eefabdccc79190274e7165ae48b", "title": "Quelles sont les failles de la centrale du Tricastin ?", "newspaper": "NouvelObservateur", "author": ["Anne-Sophie Hojlo"], "date_publi": "2013-07-15", "content": "Plusieurs dizaines de militants de Greenpeace ont penetre tot lundi 15 juillet dans la centrale du Tricastin (Drome) pour denoncer sa \"vetuste\". \"Tricastin : accident nucleaire\" et \"Francois Hollande : president de la catastrophe?\", proclamaient notamment leurs banderoles. Qu'en est-il vraiment ? Le site du Tricastin, dans le departement de la Drome, abrite une centrale nucleaire exploitee par EDF. La centrale, mise en service en 1980, est constituee de quatre reacteurs a eau sous pression. Elle a produit 24 milliards de kWh en 2012, soit 6% de la production nucleaire francaise et 45% des besoins energetiques de la region Rhone-Alpes, selon EDF. \"Tricastin est une des centrales les plus dangereuses, une des cinq a fermer en priorite\", denonce Isabelle Philippe, chargee de communication de Greenpeace. En mars dernier, l'organisation avait d'ailleurs demande la fermeture du site et de trois autres centrales. Greenpeace pointe d'abord l'age du Tricastin. \"C'est la troisieme centrale la plus agee du parc francais. Elle a depasse les 30 ans, duree de vie prevue initialement\", note l'organisation sur son site. La centrale serait egalement \"une de celles qui connait le plus de risques de surete et d'agressions externes naturelles ou humaines\". Elle est, comme la centrale de Fessenheim, dont la fermeture est programmee pour 2016, exposee aux risques d'inondation et de seisme, selon Greenpeace. L'organisation note le risque potentiel que representent les trois aeroports situes a proximite (Marignane, Nimes et Valence). Sa dangerosite est aggravee par sa localisation dans \"un des plus grands complexe nucleaire et chimique de France\" - Greenpeace liste six sites Seveso dans un rayon de 10km autour de la centrale. Enfin en cas d'accident, le risque de contamination serait maximal, le mistral diffusant massivement et rapidement un eventuel nuage radioactif avec les Bouches du Rhone et la Cote d'Azur, tres peuples. Surtout, Greenpeace denonce l'existence d'\"une vingtaine de fissures\" sur la cuve du reacteur numero un, \"dont une de 11 millimetres\". Des fissures qui avaient ete qualifiees de \"dangereuses\" car \"perpendiculaires a la surface\" de la cuve par l'Agence federale de controle nucleaire belge (AFCN) en aout 2012, afin de relativiser des problemes survenus a l'epoque sur un site nucleaire belge. L'Autorite de surete nucleaire (ASN) avait alors reconnu que sur 37 \"defauts sous revetement\" detectes dans le parc francais, 20 etaient situes sur la cuve du reacteur numero 1 du Tricastin, mais elle avait aussi affirme que ceux-ci, regulierement controles, ne presentaient pas de danger. L'appreciation de la centrale par l'ASN pour 2012 n'est toutefois pas exempte de critiques. Si les performances du Tricastin en termes de surete nucleaire \"rejoignent globalement l'appreciation generale des performances que l'ASN porte sur EDF\", l'Autorite recommande que les performances du site soient \"notablement ameliorees\" en matiere \"d'essai periodique, de requalification des materiels apres intervention et, dans une moindre mesure, en matiere de lignage ainsi que de mise en configuration des circuits\". L'ASN preconise egalement des progres \"en matiere de radioprotection\", et constate que ceux realises concernant l'hygiene et la securite au travail depuis 2010 \"restent fragiles et devront etre confirmes dans la duree\". Sur la protection de l'environnement, l'Autorite pointe des performances \"en retrait\" par rapport aux autres centrales, et elle rappelle qu'elle a impose en mai 2011 au site \"d'ameliorer sa protection vis-a-vis du risque d'inondation\". Des travaux non realises a ce jour. Anne-Sophie Hojlo Journaliste ", "theme": "Planete"}