{"id_art": "db57eb9b1a2ba3eae22f9beb03c9ba78", "title": "Un seisme de magnitude 6,6 frappe l'Indonesie", "newspaper": "NouvelObservateur", "author": ["L'Obs avec AFP"], "date_publi": "2012-08-18", "content": "Un seisme de magnitude 6,6 a frappe samedi les iles Celebes (centre de l'Indonesie), a annonce l'Institut geophysique americain (USGS), semant la panique chez les habitants qui ont fui, terrifies, maisons et immeubles. Le seisme s'est produit a 56 kilometres au sud-est de la ville de Palu, a dix-sept heures quarante (09H40 GMT), et a une profondeur de 20 kilometres. Dans l'immediat, les autorites n'ont signale ni degats ni victimes, mais la panique a gagne les habitants de Palu qui ont fui hors de leur maison apres qu'une violente secousse a fait trembler le sol pendant plusieurs secondes, a rapporte un journaliste de l'AFP sur place. \"Nous n'avons recu aucun bilan de degats ou de victimes (...) Nous allons continuer a surveiller,\" a declare a l'AFP le chef de l'Agence indonesienne de meteorologie, climatologie et geophysique, M. Suharjono. L'agence indonesienne avait signale un peu plus tot un premier seisme d'une magnitude de 6,2 et d'une profondeur de 10 kilometres, avec un epicentre situe dans la region montagneuse et fortement peuplee de Parigi Moutong. L'archipel indonesien se situe sur l'\"anneau de feu\" du Pacifique, la ou les plaques continentales entrent en collision et sont a l'origine d'une importante activite sismique et volcanique. L'Obs avec AFP Journaliste ", "theme": "Monde"}