{"id_art": "c2d472c54c152b7dc11bb6ddedb47cae", "title": "Inondations en Chine : 1,4 million de personnes evacuees", "newspaper": "NouvelObservateur", "author": ["L'Obs"], "date_publi": "2010-06-19", "content": "Plus d'1,4 million de personnes vivant le long des fleuves du sud de la Chine ont ete evacuees a titre preventif en raison d'un niveau d'eau inquietant, a rapporte samedi 19 juin la presse officielle. Les recentes inondations ont fait au moins 88 morts. Jeudi dernier, le deuxieme fleuve de Chine, la Riviere des Perles, avait deja depasse son niveau d'alerte, a indique Zhang Zhitong, directeur adjoint du Bureau de controle des inondations et de lutte contre la secheresse. Suites aux inondations et aux glissements de terrain causes par les pluies diluviennes, 88 personnes ont perdu la vie depuis dimanche dernier dans le sud de la Chine, a indique le ministere des Affaires civiles. Selon cette meme source, 48 autres personnes sont portees disparues. Jusqu'a maintenant, le cout des degats causes par les intemperies atteint 11 milliards de yuan, soit 1,6 milliard de dollars. Ce samedi, le Centre national de meteorologie a annonce de nouvelles precipitations a venir. \"De fortes pluies sont attendues au cours des trois prochains jours et le systeme de controle des inondations va se trouver face a d'enormes defis\", a indique le Centre dans un communique. (Nouvelobs.com) L'Obs ", "theme": "Monde"}