{"id_art": "953765688ba81309f8cca857c959cc20", "title": "Au moins huit morts dans un tremblement de terre en Espagne", "newspaper": "NouvelObservateur", "author": ["L'Obs"], "date_publi": "2011-05-12", "content": " Au moins huit personnes ont peri dans un seisme de magnitude 5,1 qui a secoue mercredi 11 mai le Sud-Est de l'Espagne, provoquant la panique dans la ville de Lorca ou de nombreux batiments se sont ecroules, jetant a la rue les habitants. Quelque 167 blesses, dont trois dans un etat grave, ont egalement ete hospitalises. Dans les rues de la ville, envahies par les gravats, les images de la television montraient les facades detruites, des pierres tombant encore des murs, des voitures ecrasees sous des tonnes de debris, une enorme cloche tombee d'un clocher, ecrasee au sol. Un peu plus tard, un clocher s'ecroulait en direct devant les cameras de television, soulevant un nuage de poussiere, ajoutant encore a la panique dans cette ville de 92.700 habitants, situee a 70 kilometres au sud-ouest de Murcie. Il s'agit du premier tremblement de terre meurtrier en Espagne depuis 42 ans, et du plus meurtrier depuis 1956. Le seisme de magnitude 5,1, qui a ete ressenti jusqu'a Madrid, a environ 350 kilometres au nord-ouest, a ete enregistre a 18h47, avec un epicentre situe dans la region de Lorca. Il avait ete precede d'une premiere secousse a 17h05, de magnitude 4,4. Des degats materiels tres lourds Le gouvernement a annonce dans la soiree que dix personnes ont ete tuees tandis que le chef du gouvernement, Jose Luis Rodriguez Zapatero, a ordonne l'envoi d'une unite militaire d'urgence de 225 hommes pour participer aux secours. 400 secouristes ont egalement ete depeches sur place. Les images du seisme en Espagne par Nouvelobs Le ministere de l'Interieur a fait etat de degats materiels tres lourds. \"Il y a des degats partout dans la ville\", a declare a la television le maire de Lorca, Francisco Jodar. Virtudes, une habitante de Lorca, medecin, confiait sur le site du quotidien El Pais etre \"morte de peur\". \"C'est comme dans un film\", \"On attend les repliques\", ajoutait-elle. \"Ma mere est arrivee en criant\" \"Nous avons eu tres peur. Je vais passer la nuit par la, je ne sais pas ou\", racontait dans une rue de Lorca un vieil homme, hagard, serrant une couverture contre lui, dans le sifflement incessant des sirenes d'ambulances. Sur le site d'El Pais, Emilio, un habitant de Murcie, racontait : \"Tout a coup, le sol s'est mis a trembler, ma mere est arrivee en criant et nous a dit de nous mettre sous le cadre des portes\". \"J'etais chez moi, j'habite au cinquieme etage et l'immeuble a bouge de quelques centimetres au moins. On a eu tres peur, ca a ete tres fort, et apres tout ce qu'il s'est passe au Japon...\", temoignait Esmeralda, sur le site Internet du journal. Le directeur des services sismiques espagnols, Emilio Carreno, a explique que la region de Murcie, en bordure de la Mediterranee, etait \"une des regions de la peninsule ou le risque sismique est le plus eleve\". L'hopital evacue \"Il est normal d'atteindre de telles magnitudes, mais nous n'avons pas non plus l'habitude de tres fortes magnitudes dans cette region\", a ajoute Emilio Carreno. Depuis Lorca, les chaines de television montraient les rues envahies de gravats et plusieurs batiments anciens ecroules. Dans une rue, un corps gisait enveloppe dans une couverture de survie, sans qu'il soit possible de dire s'il s'agissait d'un mort ou d'un blesse. Tres vite, les habitants se regroupaient dans les rues, sans savoir ou ils allaient passer la nuit. Les malades d'un hopital de la ville, l'hopital Virgen del Alcazar, ont ete evacues selon la television. 12 morts et 70 blesses Le seisme a egalement ete ressenti jusqu'a Almeria, Grenade, Jaen, Malaga et Seville en Andalousie, dans le sud du pays. Le dernier seisme mortel en Espagne remonte au 28 fevrier 1969, lorsqu'un tremblement de terre dans l'Atlantique avait fait 19 morts dans plusieurs pays de la region, dont l'Espagne. Le tremblement de terre de mercredi est aussi le plus meurtrier enregistre en Espagne depuis avril 1956, lorsqu'un seisme avait tue 12 personnes, et fait plus de 70 blesses, dans plusieurs villages de la region de Grenade, en Andalousie. Le Nouvel Observateur - AFP L'Obs ", "theme": "Planete"}