{"id_art": "d12646bc1643c0375171882b9579f434", "title": "INDONESIE. Un tres fort seisme a touche la Papouasie", "newspaper": "NouvelObservateur", "author": ["L'Obs avec AFP"], "date_publi": "2013-04-06", "content": "Un seisme de magnitude 7,1 a frappe samedi la province indonesienne de Papouasie, a annonce le Centre americain de geophysique (USGS) provoquant un mouvement de panique dans la population mais pas de victime dans l'immediat. Le seisme n'a entraine aucun tsunami, a precise le centre d'alerte de tsunami du Pacifique. \"Le seisme a eu lieu sur terre, il n'y a pas de menace de tsunami\", a aussi declare un responsable de l'agence de meteorologie, climatologie et geophysique du pays, precisant: \"nous n'avons recu aucune information sur des degats\". Le tremblement de terre a secoue la province a 13h42 (4h42 GMT) a une profondeur de 75 kilometres, a 272 kilometres ouest-sud ouest de la capitale de la province Jayapura, a precise l'USGS. Localement , le seisme a ete evalue a une magnitude de 7,2. Les habitants de la capitale se sont precipites dans les rues, racontant a l'AFP qu'ils avaient ete fortement secoues par le tremblement de terre. \"Je me suis precipite dans les escaliers pour sortir aussi vite que j'ai pu, craignant l'effondrement de l'immeuble\", a explique une jeune femme qui participait a une reunion au premier etage d'un hotel de Jayapura lorsqu'elle a ressenti \"une forte secousse\". \"Les lampes, les tables et les chaises se sont mises a trembler. Dans la panique, les gens ont pousse des cris pour faire sortir les autres de l'hotel\", a-t-elle ajoute. L'Obs avec AFP Journaliste ", "theme": "Monde"}