{"id_art": "72202d95cb3bfc4aa1770fbafacc74dd", "title": "Meteo: vigilance orange etendue a 9 departements sur la facade de la Manche", "newspaper": "NouvelObservateur", "author": ["L'Obs"], "date_publi": "2010-11-13", "content": "Meteo France a etendu samedi apres-midi la vigilance orange a neuf departements du nord et du nord-ouest de la France, principalement situes sur la facade de la Manche, en raison de pluies abondantes et de risques de crues. Huit departements sont desormais places en vigilance orange en raison de \"pluies soutenues\" necessitant \"une vigilance particuliere\": la Manche, le Calvados, l'Eure, la Seine-Maritime, la Somme, le Pas-de-Calais, le Nord ainsi que le Morbihan, concerne par la vigilance depuis samedi matin. \"Le front pluvieux s'etire de la Bretagne et Pays-de-la-Loire a la Normandie et la region Nord\", indique Meteo France. \"Sur les departements places en vigilance, les pluies soutenues vont se poursuivre jusqu'en milieu de nuit prochaine. On attend dans les 12 prochaines heures une lame d'eau de 10 a 30 mm sur ces departements\", ajoute-t-on de meme source. Facteur aggravant pour le departement du Morbihan: \"des vents forts de sud a sud-ouest peuvent perturber l'ecoulement dans les estuaires des rivieres (Blavet, Laita)\". Un neuvieme departement, l'Aisne, est quant a lui en vigilance pour les crues. Cette vigilance concerne l'Aisne et le Nord \"pour les cours d'eau de l'Helpe Mineure, de l'Helpe Majeure et de la Sambre (departement du Nord) et de l'Oise (departement de l'Aisne)\", explique Meteo France. Le niveau orange est decrete lorsque \"de fortes precipitations susceptibles d'affecter les activites humaines sont attendues. Des inondations sont possibles dans les zones habituellement inondables. Des cumuls importants de precipitations sur de courtes durees, peuvent, localement, provoquer des crues inhabituelles de ruisseaux et fosses\", rappelle Meteo France. (Nouvelobs.com) L'Obs ", "theme": "Planete"}