{"id_art": "6c4c50d022c834093d3c6d8a0dc16cff", "title": "Attentat de Nice : \"J'ai du activer deux fois le Safety check sur Facebook en une semaine\"", "newspaper": "NouvelObservateur", "author": ["L'Obs"], "date_publi": "2016-07-15", "content": "Elle etait a Dallas le 7 juillet, a Nice le 14. Deux lieux vises par des attaques de grande envergure en deux semaines. Kristen Crouch, originaire de Dallas, a explique qu'elle se trouve actuellement a Nice pour le mariage d'un ami, dans une interview avec une television locale texane : Au moins 84 personnes ont ete tuees jeudi sur la Promenade des Anglais a Nice par un camion qui a fonce sur la foule, en pleine celebration du 14-Juillet. Le chauffeur du camion a ete tue. Cinq policiers ont ete tues par des tirs jeudi 7 juillet a Dallas, lors d'un rassemblement organise a la suite de la mort de deux hommes noirs tues par les forces de l'ordre. Kristen Crouch explique qu'elle rentrait vers son hotel lorsqu'elle a entendu deux coups. Elle a pense qu'il s'agissait de feux d'artifice, avant de realiser que des gens couraient et hurlaient. Apres s'etre abritee dans un appartement proche, elle a finalement pu rallier son hotel et n'est plus sortie. \"C'est tres surrealiste. Je pense que nous sommes tous en etat de choc\", raconte-t-elle. \"Alors que le nombre de victimes grimpe, nous n'arrivons pas a croire que c'est arrive juste en face de notre hotel\", ajoute-t-elle. Cree en 2014, le \"Safety check\" de Facebook a ete deploye pour la premiere fois lors des seismes d'avril et mai 2015 au Nepal. D'abord reserve aux catastrophes naturelles, il a ete etendu, par la force des choses, apres les attentats de Paris en novembre. L'outil detecte les utilisateurs de Facebook susceptibles d'etre dans la zone affectee et leur propose de cliquer sur un bouton pour indiquer s'ils sont \"en securite\". Une notification est ensuite envoyee a tous leurs contacts sur le reseau. A. S. L'Obs ", "theme": "Attaque de Nice"}