{"id_art": "3eb98456d87bdfb27d29029b00637f0a", "title": "Var : l'etat de catastrophe naturelle publie au Journal Officiel", "newspaper": "NouvelObservateur", "author": ["L'Obs"], "date_publi": "2010-06-22", "content": "L'arrete de reconnaissance de l'etat de catastrophe naturelle dans huit cantons de la region de Draguignan (Var), touchee il y a une semaine par des pluies torrentielles qui ont fait au moins 25 morts, a ete publie mardi 22 juin au Journal officiel. Voici la liste des cantons concernes publiee en annexe de cet arrete : Draguignan, Fayence, Frejus, Le Luc, Lorgues, Le Muy, Besse, Cotignac. Il concerne l'ensemble des communes des cantons de l'arrondissement de Draguignan et celles des cantons de Besse et de Cotignac de l'arrondissement de Brignoles, precise l'arrete. Garantie des assures \"L'etat de catastrophe naturelle est constate pour les dommages causes par les evenements naturels d'intensite anormale non assurables (inondations et coulees de boue) qui ne relevent pas de la garantie tempete, ouragans, cyclones prevue par le code des assurances\", precise le texte. L'etat de catastrophe naturelle, constate par arrete, peut activer la garantie des assures contre les effets des catastrophes naturelles sur les biens faisant l'objet des contrats d'assurance vises au code des assurances. Cette garantie, releve le texte de l'arrete, est activee \"lorsque les dommages materiels directs qui en resultent (des catastrophes, ndlr) ont eu pour cause determinante l'effet de cet agent naturel et que les mesures habituelles a prendre pour prevenir ces dommages n'ont pu empecher leur survenance ou n'ont pu etre prises\". (Nouvelobs.com) L'Obs ", "theme": "Societe"}