{"id_art": "c701bd6fbe6b476757e1379f158d88b2", "title": "Le \"seisme politique en France\" fait la une de la presse europeenne", "newspaper": "NouvelObservateur", "author": ["L'Obs avec AFP"], "date_publi": "2014-05-26", "content": "La presse europeenne s'arrete lundi 26 mai sur le choc du \"seisme politique\" que represente la poussee des partis europhobes aux elections europeennes, et en particulier celle du Front national, autoproclame \"premier parti de France\". \"Seisme politique\", titre le \"Frankfurter Allgemeine Zeitung\". Le quotidien allemand des affaires fait sa une, comme la quasi-totalite des medias germaniques, sur le triomphe du Front national (FN). \"Cela va avoir des consequences importantes. Le slogan 'plus d'Europe' devrait etre pris au serieux\", estime le journal. Le quotidien populaire \"Bild\", le plus lu d'Allemagne, parle de son cote d'un \"choc electoral en France\". \"Pour le president Hollande, c'est une debacle\", estime le quotidien conservateur \"Die Welt\", qui parle lui aussi de \"seisme politique\". \"Tremblement de terre en France\", indique le journal italien \"Repubblica\". \"Choc en France\", ecrit son confrere \"Corriere della Sera\". \"Seisme politique en France\", titre le quotidien espagnol de centre gauche \"El Pais\". \"L'extreme droite deferle sur la France\", ecrit \"El Mundo\", journal espagnol de centre droit. \"Mme Le Pen mene la marche de l'extreme droite sur l'Europe\", titre le quotidien britannique \"Daily Mail\", tandis que son confrere des affaires, le \"Financial Times\", voit le FN \"a la tete d'un tremblement de terre populiste\". Le Royaume-Uni a, de son cote, vu le triomphe de la formation Ukip, le Parti pour l'independance europhobe et populiste. EB; Tous les resultats en France, en Europe : L'Obs avec AFP Journaliste ", "theme": "Elections europeennes 2014"}