{"id_art": "761603bc211155335729aec8f639d572", "title": "Nouvelles inondations dans le sud du Pakistan", "newspaper": "NouvelObservateur", "author": ["L'Obs"], "date_publi": "2010-08-22", "content": "De nouvelles inondations ont aggrave la situation dans le sud du Pakistan, forcant 200.000 personnes supplementaires a fuir leurs foyers au cours des dernieres 24 heures, ont annonce les autorites dimanche 22 aout matin. Quatre districts au moins de la province du Sindh ont ete touches. Des zones urbaines sont concernees. \"La partie meridionale du Sindh est notre priorite. Nous y avons redeploye nos ressources pour des operations de sauvetage\", a dit Saleh Farooqui, directeur general des services provinciaux de gestion de crise joint par telephone par l'agence Reuters. Sur le plan national, le niveau des eaux devrait baisser dans les prochains jours, a mesure que les dernieres crues se deverseront en mer d'Arabie, ecrit l'agence officielle de presse APP. L'aide internationale s'organise Mais les consequences economiques, sociales et politiques de ces inondations sans precedent depuis plusieurs dizaines d'annees s'annoncent durables. Des localites entieres et des terres agricoles ont ete devastees, des routes et des ponts detruits; on recense officiellement 1.600 morts et plus de quatre millions de sans-abri. La catastrophe destabilise egalement le gouvernement pakistanais, critique par les populations pour les lenteurs de sa reaction, et pourrait etre exploite par les islamistes armes. Pour limiter ce risque, les Etats-Unis ont debloque une aide d'urgence et mis des helicopteres a disposition du gouvernement d'Islamabad pour participer aux operations de secours. L'Union europeenne propose en outre que des avantages commerciaux soient accordes au Pakistan pour faciliter le redressement de son economie. (Nouvelobs.com) L'Obs ", "theme": "Monde"}