{"id_art": "57ad61478553b24d893159362a116d2c", "title": "HAITI. 16 morts dans des inondations a Cap-Haitien", "newspaper": "NouvelObservateur", "author": ["L'Obs avec AFP"], "date_publi": "2012-11-09", "content": "Des inondations dans le nord d'Haiti ont fait 16 morts, dont au moins trois enfants, dans la deuxieme ville du pays, Cap-Haitien, a indique la police vendredi 9 novembre. \"Des patrouilles de la police haitienne ont decouvert de nombreux cadavres dans les rues. Nous avons vu des corps de trois enfants ages de 2 a 3 ans\", a indique le chef de la police de la ville, Kenel Pierre, qui avance un bilan provisoire de 16 morts. Des pluies diluviennes se deversent depuis 24 heures sur cette zone et ont egalement inonde d'autres villes haitiennes. Le maire de Cap-Haitien, Wilborde Beon, a affirme qu'il etait difficile d'etablir un bilan precis a ce stade, tout en soulignant que la ville etait \"sinistree\" et qu'il y avait \"beaucoup de morts\". \"Tous les quartiers populaires sont inondes, nous avons secouru de nombreuses personnes pour les placer dans des abris provisoires\", a-t-il encore ajoute. Les cadavres de quatre membres d'une famille de huit personnes ont ete retrouves vendredi matin par des secouristes de la ville. Trois enfants sont portes disparus tandis que leur pere se trouve a l'hopital. \"Nous demandons aux membres du secteur prives de venir nous aider car il continue de pleuvoir. Tous les autres secteurs de l'Etat sont mobilises\", a dit Wilborde Beon. L'ouragan Sandy, qui avait frappe Haiti fin octobre, a quant a lui laisse un bilan de 54 morts, 21 disparus et des degats evalues a 750 millions de dollars par les autorites haitiennes, qui ont decrete l'etat d'urgence dans le pays et lance un appel a la solidarite internationale. L'Obs avec AFP Journaliste ", "theme": "Monde"}