{"id_art": "c40b2e0f3598ff7810754a0186c0007b", "title": "MEXIQUE. Seisme de magnitude 6,7 au large de la cote est", "newspaper": "NouvelObservateur", "author": ["L'Obs avec AFP"], "date_publi": "2014-07-29", "content": "Un seisme de magnitude 6,7 a secoue, mardi 29 juillet au matin, la cote est du Mexique, ressenti egalement dans la capitale Mexico, a indique le Service national de Meteorologie. L'epicentre du seisme se trouvait a 38 km au sud-ouest de Isla, dans l'Etat mexicain de Veracruz (est), a une profondeur de 10 km, a indique le service sur son compte Twitter. #ENVIVO Saldo blanco tras #sismo con epicentro en Veracruz http://t.co/9TLckAjn1G pic.twitter.com/cGvYcpJWSP L'Obs avec AFP Journaliste ", "theme": "Monde"}