{"id_art": "b7c661fe65e8f4778b581ed6868118ad", "title": "les Japonais invites a faire des reserves de papier toilette", "newspaper": "NouvelObservateur", "author": ["L'Obs avec AFP"], "date_publi": "2014-08-29", "content": "\"Faites des reserves de papier toilette\" : voila l'injonction, tres serieuse, du gouvernement japonais, dans le cadre d'une campagne de sensibilisation des citoyens aux catastrophes naturelles, toujours probables dans l'archipel. \"Soyez prets\", lance le ministere de l'Industrie dans une exposition organisee a Tokyo en amont de la journee nationale des desastres, qui se tient chaque annee le 1er septembre en memoire du Grand tremblement de terre du Kanto (plus de 100.000 morts en 1923). Et de preciser : en quantite suffisante pour tenir minimum un mois, le temps necessaire pour un retour a la normale du marche en cas de desastre majeur. Car dans une telle situation, \"le nombre de toilettes utilisables pose toujours probleme\", principalement en raison d'une penurie de papier, soulignent les autorites, comme l'a montre le manque d'approvisionnement lors du terrible seisme qui a frappe le Tohoku en mars 2011. Les familles s'etaient alors precipitees dans les magasins, vidant les etageres, meme dans les regions eloignees du desastre, dont Tokyo. La capacite de production de papier toilette est particulierement vulnerable, releve le ministere. Elle est concentree dans la prefecture de Shizuoka, une region fortement exposee aux risques de tremblement de terre et de seisme. Le gouvernement rappelle regulierement au public l'importance d'avoir chez soi des provisions de biens de premiere necessite (nourriture, toilettes portables, lampes de poche et eau potable entre autres). Cette consigne ne serait cependant suivie que par une petite proportion de foyers nippons. L'Obs avec AFP Journaliste ", "theme": "Monde"}