{"id_art": "3ed377dd43217c25855c7fdfe77f5fbd", "title": "Qu'est-ce que le chlordecone ?", "newspaper": "NouvelObservateur", "author": ["L'Obs"], "date_publi": "2007-10-18", "content": "Utilise par les babaniers antillais entre 1981 et 1993, le chlordecone est un insecticide de la meme famille que le DDT ou le lindane. Tous comme ces deux pesticides organochlores, il reste tres longtemps dans les eaux et dans les sols, et peut etre tres toxique. Mise au point en 1952, la molecule a dans un premier temps ete distribuee aux Etats-Unis sous le nom de Kepone. Il etait utilise sur les bananes, les agrumes ou encore le tabas, avant d'etre interdit aux Etats-Unis en 1976. Son arrivee en France, en 1980, coincide avec une crise des agriculteurs antillais que devaient faire face a une invasion de parasites consecutive aux passages des cyclones Allen en 1979 et David en 1980. En Guadeloupe et en Martinique, le Curlone a ete utilise de 1981 a 1993 pour lutter contre le charancon du bananier, un des principaux fleaux de la plante. Le chlordecone a ete interdit en France en 1990 (avec une mise en application en 1992), en raison des risques potentiels qu'il presentait pour la sante humaine. Les producteurs antillais ont obtenu un delai jusqu'en 1993. Relativement peu soluble dans l'eau, le chlordecone, molecule organique fortement chloree, se fixe dans les sols pour de nombreuses annees. L'exposition au chlordecone peut avoir lieu en consommant des aliments contamines, principalement les produits vegetaux, mais aussi, dans une moindre mesure, les produits d'origine animale, les animaux ayant pu aussi etre eux-memes contamines en consommant des vegetaux. Les produits de la peche peuvent etre egalement contamines s'ils vivent dans des zones ou le chlordecone a pu s'accumuler (sediments). L'eau de boisson peut aussi contribuer a cette exposition si elle provient d'une source contaminee et si elle n'a pas ete traitee. L'Obs ", "theme": "Societe"}