{"id_art": "79cfdef4c5064c9ae8298c7523d276d7", "title": "EN IMAGES. Seisme en Italie : Amatrice avant et apres la catastrophe", "newspaper": "NouvelObservateur", "author": ["Emmanuelle Hirschauer"], "date_publi": "2016-08-26", "content": "Au moins 267 personnes ont trouve la mort dans le seisme qui a frappe plusieurs villages du centre de l'Italie mercredi 24 aout. Les communes en question ont en partie ete detruites. A Amatrice, l'un des villages de montagne touches, meme l'ecole, renovee en 2012 pour s'adapter aux normes antisismiques, a ete reduite a l'etat de decombres. Voici quatre montages avant/apres qui donnent une idee de l'etendue des degats dans cette commune du Latium de 3.000 habitants. E.H. avec AFP ? Emmanuelle Hirschauer Journaliste ", "theme": "Monde"}