{"id_art": "18753c5aa21be526991fca2bb93ce053", "title": "Le FMI annule la dette haitienne de 209 millions d'euros", "newspaper": "NouvelObservateur", "author": ["L'Obs"], "date_publi": "2010-07-22", "content": "Le Fonds monetaire international (FMI) a annule jeudi 22 juillet la dette de Haiti, d'un montant de 268 millions de dollars (environ 209 millions d'euros) et pretera au pays 60 millions de dollars (46,8 millions d'euros) supplementaire pour soutenir les projets de reconstruction apres le tremblement de terre devastateur du 12 janvier dernier. Ce pret sur trois ans est assorti d'un taux a 0% jusqu'en 2011 qui ne depassera pas ensuite plus de 0,5%. Le FMI a precise que cette decision s'inscrivait dans le cadre d'une sorte de \"plan Marshall\" pour la reconstruction a long terme apres le seisme qui a fait pres de 300.000 morts et 1,6 million de sans-abris. Le directeur-general du FMI Dominique Strauss-Kahn a encourage mercredi dans un communique les donateurs internationaux a tenir leurs engagements pour que la reconstruction puisse s'accelerer. (Nouvelobs.com avec AP) L'Obs ", "theme": "Monde"}