{"id_art": "40ececb4de9b7fd6731ace28f8c475f3", "title": "CANADA. Seisme de magnitude 6,7 au large de Vancouver", "newspaper": "NouvelObservateur", "author": ["L'Obs avec AFP"], "date_publi": "2014-04-24", "content": "Un seisme de magnitude 6,7 s'est produit mercredi 23 avril au soir au large de l'ile canadienne de Vancouver, dans le Pacifique, a annonce l'Institut americain de geophysique USGS. L'epicentre de la secousse survenue a 04h10, heures francaises, se trouvait a 94 kilometres au sud de port Hardy et a une profondeur de 11,4 kilometres, selon l'USGS. Aucune alerte au tsunami n'a ete emise. L'Obs avec AFP Journaliste ", "theme": "Monde"}