{"id_art": "f72023faf825df937640f0ef4a369063", "title": "NICARAGUA. Nouveau seisme, de magnitude 6,1", "newspaper": "NouvelObservateur", "author": ["L'Obs avec AFP"], "date_publi": "2014-04-12", "content": "Un seisme d'une magnitude de 6,1 sur l'echelle de Richter s'est produit vendredi 11 avril dans la zone Pacifique du Nicaragua, au lendemain d'une secousse d'une magnitude similaire pres de Managua qui a fait un mort, 33 blesses et detruit un millier d'habitations, ont annonce les autorites. Selon un premier bilan officiel, ce nouveau tremblement de terre n'a fait ni victimes ni degats. La secousse, d'une magnitude de 6,1, a ete enregistree a 14h29 heure locale (20h29 GMT) et son epicentre se situait a 19 kilometres au sud-ouest du volcan Mombacho, pres de la ville de Granada, et a 60 kilometres de Managua, la capitale nicaraguayenne, a indique l'Institut nicaraguayen d'etudes territoriales (Ineter). Une replique d'une magnitude de 4,9, avec le meme epicentre, s'est produit une vingtaine de minutes plus tard, a ajoute l'institut. Le seisme a ete ressenti dans les pays voisins, au Salvador et dans la province de Guanacaste, dans le nord du Costa Rica . L'Obs avec AFP Journaliste ", "theme": "Monde"}