{"id_art": "6931a2a181227f3ab44d0260f3248270", "title": "Pluie-inondation : 4 departements du sud-ouest places en vigilance orange", "newspaper": "NouvelObservateur", "author": ["L'Obs avec AFP"], "date_publi": "2013-11-04", "content": "Une vigilance orange pluie-inondation est declenchee ce mardi de 4 heures a 16 heures pour les Pyrenees-Atlantiques, les Hautes-Pyrenees, la Haute-Garonne et l'Ariege, annonce Meteo-France lundi 4 novembre. Une nouvelle onde pluvieuse atteint le pays en seconde partie de nuit et interesse les regions de l'ouest avec des pluies temporairement soutenues, notamment vers le relief du sud-ouest. Au cours de cet episode pluvieux, sont attendues des quantites de pluies de l'ordre de 50 a 70 mm sur les regions pyreneennes, pouvant atteindre localement 80 mm sur le bassin amont de la Garonne et 100 mm sur le bassin des Pyrenees occidentales. Ces valeurs pourront parfois etre atteintes en moins de 24 heures. Credit photo : Meteo France L'Obs avec AFP Journaliste ", "theme": "Societe"}