{"id_art": "c118b9cb192990cfff8b454700c766aa", "title": "Un violent seisme fait plus de 230 morts en Equateur", "newspaper": "NouvelObservateur", "author": ["L'Obs avec AFP"], "date_publi": "2016-04-17", "content": "Le jour d'apres. Des equipes de secours tentaient encore ce dimanche de venir en aide aux rescapes coinces sous les decombres en Equateur, au lendemain d'un violent seisme de magnitude 7,8 ayant fait au moins 235 morts. A Portoviejo (ouest), l'une des villes les plus touchees, des maisons detruites, un marche devaste, des lampadaires au sol et des debris eparpilles sur les trottoirs temoignaient de l'ampleur de la secousse, la plus forte dans ce pays depuis 1979. \"C'etait horrible, c'est la premiere fois que je ressens un seisme comme celui-ci, j'ai eu l'impression qu'il durait une minute et demi\", a temoigne Bibi Macontos, habitante de 57 ans. \"Nous sommes sortis en vitesse dans la rue et nous avons vu que le marche couvert s'etait effondre\", raconte aussi Nelly, 73 ans, habitante d'Abdon Calderon, localite proche de Portoviejo. En larmes, elle a confie qu'\"il y avait une personne coincee (sous les decombres, NDLR) qui criait pour demander de l'aide, mais apres elle a arrete de crier\". \"Les maisons se sont ecroulees, les reverberes sont tombes, les gens sont completement desesperes, il y a des gens enterres sous les decombres\", a relate Miriam Santana, 40 ans, employee de maison a Manta (ouest), ville proche de l'epicentre. Ce dimanche, le president Rafael Correa a annonce un nouveau bilan provisoire de 233 morts, alors que de precedents chiffres officiels faisaient etat de 77 morts et pres de 600 blesses. L'etat d'exception a ete decrete. En visite au Vatican, le dirigeant, qui a deplore \"une tragedie d'ampleur\" et annonce une aide budgetaire d'urgence \"d'environ 600 millions de dollars\", atterrira directement a Manta a 18h30 . La chef de la diplomatie de l'Union europeenne, Federica Mogherini, a pour sa part annonce l'activation du mecanisme europeen de protection civile, pour aider le pays sud-americain. Plus de 14.000 membres des forces de securite, 241 professionnels de sante et deux hopitaux mobiles ont ete depeches sur place, a dit le vice-president Jorge Glas, car \"nous savons qu'il y a des citoyens sous les decombres qui doivent etre secourus\". Des renforts arrivent de Colombie et du Mexique. Le seisme s'est produit a 18h58 a 20 km de profondeur. La secousse d'une minute environ a ete suivie d'une serie de repliques, selon l'Institut de geophysique (IG). D'apres l'IG, il y a des \"degats considerables dans la zone de l'epicentre\" situee dans la province de Manabi (sud-ouest) \"et aussi dans des lieux eloignes comme la ville de Guayaquil (sud-ouest), le sud de Quito, San Miguel de los Bancos, Manta\". La secousse a ete ressentie dans le sud de la Colombie et au Perou, apparemment sans faire de victimes. La Direction generale de l'aviation civile a ferme l'aeroport de Manta (Manabi) en raison de \"graves degats a la tour de controle\". A Quito, Cristina Duran, 45 ans, s'est refugiee sous l'encadrement d'une porte pour se proteger des vitres volant en eclats. \"J'etais affolee et je voulais seulement que ca s'arrete\", a-t-elle declare. A Guayaquil, ou un pont et le toit d'un centre commercial se sont effondres, des passagers sont sortis affoles de l'aeroport. \"Des lampes sont tombees du plafond et les gens couraient terrorises\", a temoigne l'un d'eux, Luis Quimis, 30 ans. Ces secousses interviennent peu apres les tremblements de terre ayant secoue depuis jeudi le sud-ouest du Japon, avec au moins 41 morts et un millier de blesses. Mais \"il n'y a pas de relation de cause a effet entre les seismes en Equateur et au Japon\", a declare David Rothery, professeur de geosciences planetaires a l'Open University britannique, soulignant toutefois que l'energie totale du seisme \"a probablement ete 20 fois plus forte\" en Equateur qu'au Japon. \"C'etait comme la fin du monde\", dit Miriam Santana. L'Obs avec AFP Journaliste ", "theme": "Monde"}