{"id_art": "5a95a632e89f8d4471a2ceaecfeb8427", "title": "Seisme a Los Angeles, panique sur les plateaux tele", "newspaper": "NouvelObservateur", "author": ["L'Obs avec AFP"], "date_publi": "2014-03-17", "content": "\"Tremblement de terre ! Nous avons un tremblement de terre !\", crie le presentateur d'une chaine americaine, qui peine a garder son calme alors que le plateau se met a trembler dangereusement en plein direct. Plus de peur que de mal ce matin a Los Angeles ou un seisme de magnitude 4,4 s'est produit a l'aube, lundi 17 mars. Selon l'Institut d'etudes geologiques des Etats-Unis (USGS), le tremblement de terre a reveille certains habitants mais n'a pas provoque de gros degats. L'epicentre de la secousse survenue a 06h25 heure locale (14h25 heure francaise), etait situe a 9 kilometres au nord-ouest du quartier de Westwood, tout pres d'Hollywood, a une profondeur de 8,5 kilometres. Le tremblement de terre n'aura dure que quelques secondes, mais sur les plateaux des chaines d'infos en direct, les reactions sont a la hauteur de la frayeur. Sur KTLA5, les deux presentateurs se refugient sous la table, tandis que sur Fox 11 News, on entend les techniciens paniquer en coulisses alors que l'animateur hesite a rendre l'antenne. Dans la region, les habitants vivent toujours dans la peur du fameux \"Big One\". \"The Big One\" est le nom donne a un tremblement de terre devastateur qui devrait survenir sur la cote ouest des Etats-Unis. Il serait la replique d'un gros tremblement de terre ayant eu lieu dans cette region en 1906 et devrait se produire d'ici 30 ans. Les americains attendent donc le prochain Big One, qui sera d'une magnitude superieure a 7 et qui fera sans doute plusieurs milliers de victimes. L'Obs avec AFP Journaliste ", "theme": "Monde"}