{"id_art": "d71f7e4d0e4f75a89b01509016b6c6cb", "title": "Fukushima est \"un desastre cree par l'homme\"", "newspaper": "NouvelObservateur", "author": ["L'Obs avec AFP"], "date_publi": "2012-07-05", "content": "L'accident nucleaire de Fukushima a ete \"un desastre cree par l'homme\" et non pas simplement provoque par le seisme et le tsunami geant survenus le 11 mars 2011 dans le nord-est du Japon, a conclu jeudi 5 juillet une commission d'enquete mandatee par le Parlement. \"Il est clair que cet accident est un desastre cree par l'homme. Les gouvernements passes et en place a ce moment la, les autorites de regulation et Tokyo Electric Power ont failli a leur devoir de proteger la vie des gens et la societe\", a-t-elle explique dans son rapport final. L'accident de Fukushima, le plus grave depuis la catastrophe nucleaire de Tchernobyl (Ukraine) en 1986, a eu lieu juste apres un seisme de magnitude 9 dans la region du Tohoku (nord-est) qui a declenche un tsunami sur tout le littoral. Une vague de pres 15 metres de haut avait deferle sur le site de la centrale Fukushima Daiichi, noyant les systemes de refroidissement des reacteurs et les generateurs de secours situes en sous-sol. L'operateur du site, Tokyo Electric Power (Tepco), a toujours affirme pour sa part que l'accident etait du a un tsunami d'une ampleur \"imprevue\". \"Cela ressemble a une excuse pour echapper a ses responsabilites\", a repondu la commission qui a souligne que \"Tepco et les autorites de regulation etaient deja au courant des risques de tsunami et de seisme\". \"Bien qu'ayant eu de nombreuses occasions de prendre des mesures, les agences de regulation et la direction de Tepco n'ont deliberement rien fait, ont reporte leurs decisions ou ont pris des mesures qui les arrangeaient. Aucune mesure de surete n'avait ete prise au moment de l'accident\", a ajoute la commission. L'Obs avec AFP Journaliste ", "theme": "Monde"}