{"id_art": "42aa1f75489609fd28151c86fff36b59", "title": "ITALIE. Seisme dans le sud du pays, un mort ", "newspaper": "NouvelObservateur", "author": ["L'Obs avec AFP"], "date_publi": "2012-10-26", "content": "Un homme de 84 ans est mort d'un infarctus a la suite du tremblement de terre qui s'est produit dans la nuit de jeudi a vendredi 26 octobre dans la region de Cosenza, a annonce l'agence italienne Ansa. L'octogenaire a ete pris d'un malaise au moment du seisme, qui a provoque des ecroulements et des degats, et est decede apres l'arrivee des secours sur les lieux, a precise Ansa. Les habitants des localites de la region se sont ausitot precipites dans la rue par crainte d'eboulements et l'hopital de Mormanno a du etre evacue. Selon l'Institut de geophysique americain (USGS), la secousse, enregistree a la frontiere entre les regions meridionales de la Calabre et de la Basilicata a eu une magnitude de 5,3 et son epicentre est situe a 6 km au sud-est de Mormanno et 14 km a l'ouest de Castrovillari, dans la region de Cosenza. Selon la meme source, il est situe a 3,8 km de profondeur. Plusieurs habitations du centre de Mormanno ont subi des degats mais selon les carabiniers, il faudra attendre quelques heures pour les evaluer. \"Il y a eu beaucoup de panique, mais heureusement il n'y a pas eu de blesses\", a declare a l'agence Ansa le maire de Mormanno, Guglielmo Armentano. \"Dans le centre historique, il y a eu quelques maisons endommagees. Par precaution nous avons evacue l'hopital et nous essayons de gerer la situation au mieux\", a-t-il ajoute. L'Obs avec AFP Journaliste ", "theme": "Monde"}