{"id_art": "8972afd90c9bb715f515134d04b4aa6a", "title": "Une projection de \"Noe\" coulee par une inondation ", "newspaper": "NouvelObservateur", "author": ["L'Obs"], "date_publi": "2014-04-08", "content": "La production n'aurait pas pu imaginer meilleur coup de publicite : un naufrage pour la premiere de \"Noe\" vendredi 4 avril. Les spectateurs ont en effet ete accueillis par une inondation. On ne leur a pas demande de prendre place a bord d'une arche, mais ils ont toutefois du renoncer a leur seance. L'incident s'est deroule au Vue cinema d'Exeter, en Angleterre, rapporte l'\"Exeter Express & Echo\". Le personnel du cinema a decouvert l'inondation en arrivant sur place, a 7 heures du matin. Le lieu a du etre ferme jusqu'a 14 heures, ce qui a annule la premiere seance de \"Noe\" de Darren Aronofsky, prevue a 12h15. Et contrairement a la legende biblique, tout le monde a survecu au deluge. Les cinephiles ont bien saisi l'ironie de la situation. #Irony The day 'Noah' was released, Exeter vue was flooded overnight because of a burst pipe! \"#Ironie. Le jour de la sortie de 'Noe', le cinema Vue d'Exeter a ete inonde pendant la nuit en raison d'une rupture de canalisation !\" \"Nous confirmons qu'il y a eu une inondation au Vue Exeter vendredi 4 avril en raison d'un defaut d'une machine a glace, a indique un porte-parole des cinemas Vue. Nous sommes ouverts comme d'habitude et nous travaillons avec des ingenieurs pour resoudre ce probleme aussi vite que possible\". Vous pouvez voir \"Noe\" a partir de ce mercredi dans les salles francaises. A vos risques et perils. L'Obs ", "theme": "L'histoire du soir"}