{"id_art": "515343082fd3738d7980450ce8e0723a", "title": "Nouvelle-Zelande : deux seismes frappent Christchurch", "newspaper": "NouvelObservateur", "author": ["L'Obs"], "date_publi": "2011-06-13", "content": "Deux seismes ont frappe la Nouvelle-Zelande, lundi 13 juin, a annonce l'Institut de geophysique americain (USGS). La seconde secousse, de magnitude 6, avait son epicentre a 14 km de Christchurch, a une profondeur de 9 km. La ville, la deuxieme plus grande de Nouvelle-Zelande, avait ete secouee peu auparavant par une secousse de magnitude 5,2, dont l'epicentre etait a 10 km de Christchurch et a une profondeur de 11 km. Cette premiere secousse a occasionne des degats materiels mais ne semble pas avoir fait de victime, avait precise la police. Christchurch a ete le theatre de deux gros tremblements de terre ces derniers mois. 181 morts en fevrier La majeure partie du centre-ville de la cite est vide de ses habitants depuis le seisme de magnitude 6,3 du 22 fevrier, qui avait fait 181 morts, soit le tremblement de terre le plus meurtrier dans ce pays depuis 80 ans. Christchurch avait ete deja secoue le 4 septembre par un premier tremblement de terre, de magnitude 7, qui n'avait pas fait de morts mais qui avait cause de gros degats materiels. Ces nouvelles secousses telluriques interviennent le jour de l'ouverture d'une enquete sur l'ecroulement d'un immeuble au centre de Christchurch, qui avait fait 106 morts dont 65 etudiants etrangers, dans le seisme du 22 fevrier. Fin mai, des scientifiques mandates par le gouvernement avaient prevenu que la region de Christchurch avait une chance sur quatre de subir un nouveau tremblement de terre d'ici un an. Des simulations estimaient a 23% le taux de probabilite d'un seisme de magnitude comprise entre 6 et 7 dans la region de Canterbury au cours des douze prochains mois, selon le scientifique Matthew Gerstenberger, de l'institut GNS Science. Le Nouvel Observateur - AFP L'Obs ", "theme": "Monde"}