{"id_art": "b1b96c212f8e4a83977c76ae2e3842cb", "title": "SONDAGE. Ligue 1 : qui peut priver le PSG du titre de champion de France ?", "newspaper": "NouvelObservateur", "author": ["L'Obs"], "date_publi": "2015-08-07", "content": "Apres deux mois de vacances, le championnat de France de Ligue 1 reprend ses droits ce vendredi 7 aout. A tout seigneur tout honneur puisque c'est le PSG, triple champion de France en titre, qui ouvre le bal a Lille (20h30) en match avance de la 1ere journee. Encore renforcee apres le recrutement de l'Argentin Angel Di Maria, la formation parisienne, qui a par ailleurs realise une excellente presaison, semble totalement intouchable pour la concurrence, comme en atteste sa facile victoire la semaine passee face a Lyon lors du trophee des champions (2-0). Mais c'etait deja le cas en debut de saison derniere et ca n'avait pourtant pas empeche l'OM et surtout Lyon de tenir tete aux Parisiens jusqu'au bout du championnat. Les Marseillais ou les Lyonnais, qui disputeront cette saison la tres demandeuse Ligue des champions, peuvent-ils encore nourrir des espoirs de titre face a la (quasi) invincible armada du PSG ? L'AS Monaco, et son recrutement plethorique, peut-elle tenir le rythme sur l'ensemble de la saison pour briser l'hegemonie parisienne ? Un outsider comme Bordeaux, Saint-Etienne ou Montpellier (dernier champion de France avant le debut du regne parisien) peut-il sortir le grand jeu ? A vous de voter. L'Obs ", "theme": "Sports"}