{"id_art": "83f29eb5ddc22fab203a9deffa52ef7e", "title": "Golshifteh Farahani, une Persane a Paris", "newspaper": "NouvelObservateur", "author": ["Jacques Nerson"], "date_publi": "2016-05-16", "content": "Quand il a ete annonce que Golshifteh Farahani allait jouer \"Anna Karenine\", la temperature est montee d'un cran au journal. Les cinephiles citaient les films ou elle a tourne, depuis \"Mensonges d'Etat\", de Ridley Scott, et \"A propos d'Elly\", d'Asghar Farhadi, jusqu'aux \"Malheurs de Sophie\", de Christophe Honore, ou elle incarne la mere de la petite polissonne, et a \"Paterson\", de Jim Jarmusch, en selection officielle au Festival de Cannes. Ils auraient donne un bras pour l'interviewer. Quelle deception quand ils ont compris que ca se passait au theatre ! C'est donc le chroniqueur dramatique qui s'y colle. En chemin, il s'exerce a prononcer son prenom. Pas moyen. Le mot \"gefilte\" lui vient aux levres. Lamentable. En persan, Golshifteh veut dire \"amoureuse de la fleur\". C'est autrement plus joli que gefilte fish (\"carpe farcie\", en yiddish). Le lapsus ne l'aurait pas vexee, elle a trop d'humour pour ca. Aucune actrice n'est moins narcissique. Nul appret, elle est naturellement belle. Mais en doute : Il est en tout cas courageux de revenir au theatre quand on s'en est si longtemps eloigne : \"Je suis d'une famille de theatre, j'en faisais en Iran. A 18 ans, j'ai travaille avec un disciple de Grotowski Jacques Nerson Journaliste ", "theme": "Culture"}